商品型号,评论内容
静夜黑魅族16,Pro6用了两年半，存储容量实在撑不下去了每天在提醒，习惯Flyme系统觉得好用，终于出全面屏旗舰机等了一两个月才终于买到。几点吐槽》这次京东包装确实太简单了点，气泡膜包装，纸质外盒也不给。》听筒两边明显溢胶，后盖四个角缝隙可塞A4纸，这些工艺瑕疵也好设计问题也好，能接受。》相机&amp;屏幕相机总体颜色偏白，黄色路灯下拍的偏白，拍照没有想象中的好。前置关闭美颜依旧有美颜且偏白，很多细节都丢失了，~视频通话忽亮忽暗，经常过爆一片苍白，整个人边界都快看不见了。屏幕显示效果感觉也是偏白一点。不懂是不是我这台问题还是普遍问题。个人不喜欢这样的相机，希望后面系统更新有所改变。》指纹屏幕解锁可视效果很炫，手指过于干燥和潮湿识别率真的低，阳光下识别率也很低。几点喜欢》系统很好用，可能也是因为习惯了，悬浮球左右切换应用非常便捷。》手机很轻薄，大小持握刚好，赠送手机壳保证了持握手感，保护效果一般且不太划，半个月已经很花了。》电池优化还不错，轻度使用一天没问题。目前来看最不满意是~视频前置的问题，真的很差
静夜黑魅族16,没有比较就没有伤害。本来16th是魅族近年来的精华集大成者，骁龙845全面屏线性马达双外放屏下指纹三倍光变加flyme几乎完美，跑分290000+第一梯队，怎奈跟才买的note9放在一起立马露怯，一个屏幕就差了十万八千里，三的2K曲amoled额惊艳，外观上16TH跟S7edge勉强看齐，放在N8、N9旁边实在是泯然众人矣。使用一周，三大问题:通话1分钟以上信号漂移对方听不到声音，有否个体质量问题有待观察；屏下指纹偶尔识别异常但~指纹支付每次开启都失败，是~bug还是flyme不适配有待观察；光学变焦后无光学防抖。最后说一句：pro5，pro6我都是首发购买有VIP卡，这次原价拿下16TH真的是情怀，但情怀不足以维持忠诚度，小米和魅族这两年的新品确实存在市场边缘化趁势，创新不足，品控堪优。
静夜黑魅族16,手机盒比pro6plus薄很多。手机性能没的说，跑分29万。手机打王者荣耀发热不是很明显。屏幕指纹解锁速度还可以，支持指纹支付，配合面部解锁基本秒开。息屏显示比pro6p的样式多很多。电量续航不是很差。3小时王者掉电23%。全面屏手势很好用，我大概适应不到1小时就流畅使用。手机震感的确很舒服。上下双扬声器立体声特别爽，吃鸡的确可以不带耳机，声音大很多，音质也很好。后壳特别容易粘指纹，基本要必须带壳，送的手机壳比较人性化，把边缘留出来，握持手感很好，防不防摔不知道了，买16千万记得去魅族钱包里买个碎屏保（其他保险修手机屏可能不是原装，魅族的买129）。比较幸运抢到第一批魅族16，希望煤油可以尽快买到吧!
静夜黑魅族16,手机给我一个惊喜，京东也给我一个惊喜（说是20号以后才有货，结果16号不声不响的就送过来啦?）。怎么说那，通过这2天的使用，我觉得那个不将就'用心打磨细节的魅族又回来啦。不追潮流、不做表面文章，在满是刘海的世界里带来一股清流，处理器的短板也补上啦。手感是真好，屏幕也不错，那个夜间显示模式挺好，mEngine线性振动马达打字真的很爽啊。屏下指纹手潮确实不容易解开，脸部解锁晚上环境暗时屏幕亮度要调到手动的一半以上，不然也很难解开。我都是全打开，能用哪个用哪个。速度我并不在乎快慢那0点几秒。相机得益于底子硬件好，我觉得水平应该在国产机第一梯队吧。三倍无损变焦，夜间成像不错，连拍只有在默认拍照选项下才可以用，没有NFC和红外也许是一点点小遗憾，电池中度使用一天没问题。快充一小时80%多，外放声音真的很好，继续保留3.5耳机接口非常好。总之16还是我喜欢的那个魅族。希望魅族继续开发出更好的产品。
远山白魅族16,手持用了三年多的pro5为入手两天的16评价，抢到了我都觉得不可思议，哈哈，看了发布会就很心动，12点准时开抢，满足了。说说感受，用习惯了系统，不想考虑其他的，pro5更新完系统依旧很有活力，用的很持久，刚入手的16，颜值高，特别流畅，玩游戏无压力，启动贼快，也很稳定，摄像头很不错，扫码贼快，哈哈，感觉自己还没拿稳手机，已经扫描出结果了，至于待机问题，没有那么夸张，玩两个多小时王者，掉12个电，可以接受。总之很满意，希望可以陪伴我几年，信赖魅族！
远山白魅族16 PLUS,第一次用魅族，看了发布会感觉很6，希望不会让我失望哈，很幸运，00.58秒抢到了一台。刚开封，具体使用感受，等我试下充电速度，放放音乐，玩玩游戏回头再来追评。机子现在的感觉，轻，薄，手感很好。
静夜黑魅族16 PLUS,这是我第一次用魅族的手机，主要看到网络上有太多对魅族16th这款手机的好评文章，使得我心痒难耐，十分期望购买一部来体验。在京东下单了两次，第一次在第三方店铺下单，便宜200元，但需要等一个星期。时间太久，等不了，申请退款后在魅族官方旗舰店下单购买。发货速度杠杠的，第一天中午下单，第二天上午小哥就送上门了。说一说手机体验吧，首先是拍照效果我认为超出了预期，第一张相片就是用人像模式拍的，没做任何后期美颜，出来的主题清晰，背景虚化自然，同时色彩既不会过于艳丽，也不会过于清淡，照片视觉效果很养眼。音质方面，虽然魅族是做mp3出生的，其他魅族手机我并不清楚，但16th的音质只能说马马虎虎，声音足够大，但低音及中音解析不够，低音方面尤其糟糕，对比了iPhone7自己iPhone8puls，这两款手机目前在自用，iphone出来的音乐音质确实更高一筹。如果对于手机外放音质要求比较高的同学，要有心理预期，不过总体还是不错的。系统方面嘛，整体是比较流畅的，但比较恼人的就是几乎打开每个APP都有几秒的~，相同的APP，iphone是没有任何~的，这一点我觉得魅族官方应该优化一下，十分影响体验。
极光蓝魅族16,前面刚买了个mate10，比这个还便宜100块，重要的是华为不用抢。配置都是6+128。华为的宽一些。魅族的薄一些。魅族的外观更漂亮手感更好。华为的相机软件更好玩。魅族的马达完虐华为的马达。华为是前置物理指纹解锁速度快于魅族。上传的视频不做解释。
静夜黑魅族16,第一次抢到自己想要的东西，手感好级了，优点性能就不说了，网上评测都有介绍，手上用了3年零8个月MX4 pro终于可以退休了，其实MX4 pro还能正常用，就是卡顿严重了，开个App要等好一会。希望各位魅友早日上手
静夜黑魅族16,这应该是五年来我买过的30部手机中设计最优雅的一款了，今晚上夜跑试了一下相机，成像锐利，色彩精准，畸变控制无可挑剔，夜拍惊人，已经接近全画幅单反的效果，这手机必然成精！
远山白魅族16,"首先说下机器，是20号0点01秒抢到的，6+64版本，超级激动，点付款那一刻手都是颤抖的，太幸运了。
再说说使用体验吧，整体来说，还行，屏幕素质一般，全面屏手势在呼出多任务的时候有明显掉帧，呼出也比较迟慢，灵敏度不够。相机优势在于夜间，但是成像速度离发布会说的随手拍还有差距，845性能在全高画质的刺激战场还有明显的帧率不稳定现象（全指望日后的优化了），还有电池，比我爱疯8P好那么一点，对于安卓阵营来说，一般般。
另外，有想了解什么的，欢迎评论，我尽可能解释，给个参考。
另外给快递员疯狂打call，太给力了。我人在外面，打个电话过去帮我转运过来，能在第一时间体验到魅族16，十分nice。手机也非常的棒，快递员也非常的棒！！！"
远山白魅族16 PLUS,本人地道的花粉，从mate8到10。确切的说845确实比970要强大不少，全部高帧率无压力，顺畅，而且轻微有点温！我的mate10烫手的一比。团战不会卡，团战不会卡！团战不会卡！拍照的话我觉得还可以，中等水平吧，要什么自行车！马达说实话是山几年三星玩剩下的，不过确实提升了手机触感，好评，在当下所有手机厂家堆硬件的时代，魅族没有忘了肉体触感这一最基本的生理需求。本人重度游戏爱好者，王者荣耀，刺激战场轮番轰炸差不多5个小时吧。大概20分钟充电到百分七十，继续轰炸3小时！爽！屏幕看起来比一加6t（已退货）舒服，毕竟玩游戏最好不要异性屏。非要吐槽的话就是系统简单些，因为用惯了华为，希望下次能见到红外发射，毕竟我们不是随便就能找到遥控器。
静夜黑魅族16,"超爱魅族，超爱！这次终于换芯了，再也没有短板，定制三星屏，线性马达，定制最小前摄，后置380大底，屏下指纹，非刘海全面屏，Flyme7系统，7.3超薄机身，还有最好的性价比！
一口气买2台！我爱魅族！一万个满意！小米mix2已经被我出手了。"
静夜黑魅族16,下午快四点拿到！非常满意！屏下指纹，845通关散热，安兔兔跑分第二！鲁大师流畅度第一！非刘海屏！仅次于FINDX和NEX的屏占比！耳机孔！立体扬声器！震动马达！这是2599小米8能比的？小米8毫无特色！一个双频GPS如何惊艳众人！抄苹果的摄像头刘海屏，靠着不懂手机觉得苹果最好又买不起X的人撑起销量忽悠大众！
静夜黑魅族16 PLUS,20号凌晨抢到了，付款时犹豫了五分钟不知道该不该要。其实就是想试试能不能抢到，结果还真让我抢到了。现在是全面屏的时代，而我还在用着vivoXplay6，想到这狠心就买了！21号早上亲自去京东物流公司去取的！打开后给我的感觉很惊喜！手机流畅度很好！毕竟是骁龙845，开机后先下载了刺激战场，玩了局吃鸡，第一！确实比820好很多！我没有用过骁龙835处理器的手机。这个手机的手感真的很棒！666~
静夜黑魅族16,"#追求源于热爱#魅族第一款845旗舰手机，优良的设计，扎实的做工，还有配置，也是目前主流！
每天100台全款预售，有幸抢到！手机真的很好！
6.0英寸，刚刚好，手机格外的精致，真的很漂亮
用了一天下来，感觉屏下指纹有点费电外，其他各方面都不错，值得购买，值得等待以后还会继续支持魅族
京东物流发货很快！同时也祝京东越来越好！"
静夜黑魅族16 PLUS,20号下单，9.2号才拿到手，这期间骚扰京东客服n多次，终于十几天发货了。拍照不错，夜拍很赞，比我以前用的ip6s拍照好很多，屏下指纹很赞，识别率很高。这个手机的操作模式还得适应。很喜欢。我觉得这应该是我京东购物这么多次第一次这么认真的评价了。真香。
极光蓝魅族16 PLUS,最直观的是在双扬声器三星@的屏幕和横向马达的震动反馈上，魅族真的很用心在做这台机器。这次真的吹爆魅族16plus，夜拍噪点控制太强了。虽然一些特殊场景和旗舰相比还是有劣势，但无疑在三千元这个价位是一台非常好机器。附上原图，左下角都有水印，无水印为Note8分别是魅族16plus，iPhoneXsMax，三星Note8。小小的缺点就是光学指纹还有待提高，洗完澡后准确率偏低一些。可能是姿势问题，给舍友解锁就轻松自如。还有就是全面屏手势操作还不够完善也不是跟手，特别是玩游戏返回不是很方便。
静夜黑魅族16,整整等了10天才拿到手机，昨天手机到货，特地用了一天才来评论，这是第四个魅族手机。一直在小米8和一加6魅族16当中纠结，最终还是被魅族情怀打动了。手机很流畅，吃鸡帧数和画质开到最好也很流畅，一把吃鸡半个小时下来手机不是很烫，不知道是因为气温只有10&deg;左右还是真的铜管有用。我选择魅族还有一个原因就是屏下指纹，但是很遗憾，屏下指纹在我贴了钢化膜之后基本上没用，人脸解锁也没一加6体验好。手机续航没有像网上说的那样，我觉得完全足够。一把半个小时的吃鸡下来没用到10%的电，比我的魅族pro6s好多了。其他宣传的像马达和音质什么鬼只有等后期慢慢体验看看。
远山白魅族16,"非煤油，不吹不黑。
首先手机真的好看，上下对称设计好评，没有大刘海；
拍照不错，噪点很少，照片纯净度很高，夜景很不错；
flyme系统界面很好看，很文艺，比一加的性冷淡好；
续航嘛，3000毫安的电池还是有点捉急，还好有快充；
双扬声器超爽，属于用过就回不去的那种，立体声很好；线性马达震感不错，但应该是限于体积，和苹果还是有差距，震感还不够苹果强烈；屏下指纹能用，不能说好用，不过基本到达了能用的程度。
然后是吐槽：有一些动画的掉帧，多出现在菜单栏下拉；
待机耗电有点高，希望后期系统更新可以改善；
总之16th不管从设计还是硬件上来看都是不错的，希望魅族加油，越来越好。"
远山白魅族16,"昨晚准时十二点抢到了，今天下午六点收到。
魅族的第一款845旗舰骁龙处理器，魅族还是那个熟悉的配方熟悉的味道，支持魅族坚持走自己的风格没有跟风刘海屏?，手机?很薄手感也很好，个人觉得最大的亮点还是屏下指纹吧！还是有点遗憾没有nfc功能吧，最后祝所有魅族粉早日抢到?爱手机。买东西选京东自营就是快！！！??"
静夜黑魅族16,手机收到 比想象中的好看不少 尤其是屏下指纹解锁 速度没那么慢 后壳好看的不像话 裸奔吧
静夜黑魅族16,带着满心的期盼。速度，音质都达到了心中的预期。一直担心的信号也终于OK了。比我的xplay6要强。到遗憾的是wifi信号不太稳定。从mx2。魅蓝note3。一直期盼魅族能有拿的出手的真正旗舰这次魅族做饭了。但同样的三星led屏。不说三星了。和vivo的对比下，大家能看出来什么吗？
静夜黑魅族16,"打开包装发现盒子也是很轻薄，撕开胶条会有隐藏的英文open出现，上手把玩之后第一感觉就是轻薄！非常轻薄！颜值也很高，不知道是不是赶工的原因，机身的中框边缘衔接处打磨的不是很好，有点割手。
使用感受:首先手机正反面裸机手感太滑，戴上附送的外壳后好很多，但是屏幕非常粘指纹！然后就是系统默认的字体偏大！图标也很大！有些竖屏游戏有黑边（我玩的皇室战争），默认的虚拟按键其实很碍地方无奈只能开全屏手势，另外一个很大的问题就是续航！！一觉醒来没了20的电（已开启省电模式）? ?建议注重续航的朋友买plus。
本来对魅族已经不抱什么希望了，但这款机型真心喜欢，果断回归，总体来说16很精致，当初的小而美似乎又回来了，最后希望魅族能在售后多走点心吧。"
静夜黑魅族16,#追求源于热爱#运行速度很好，很流畅，外观很漂亮，手感很棒。我是女生，我觉得魅族16已经完全满足了我的要求，颜值高，手感好，运行流畅不卡顿，没有指纹开孔，指纹识别速度快，人脸识别也挺好用的，拍照也不错，线性马达感觉挺好，和舍友的iPhone7很像了。总之我眼里魅族16是完美的。唯一一点小缺点就是电池有点小。不过没关系，我以前的vivo一天要充三次，这个已经好多了。作为偏远地区我竟然抢到了16并且两天拿到手也是很开心啦。真的很建议买16，是真香。
静夜黑魅族16,外观超级棒  手感不错  指纹 脸部解锁都挺快
远山白魅族16,手机是双十一买的，2598，17号发货，18号就送到了，不得不说快递小哥很快，手机挺满意的，之前用的iPhonese，现在感觉屏幕很大，手机外放很不错，电池略小，很流畅，打游戏很爽，但是快充感觉缩水了，之前mx6也是24w，快很多，手机指纹略有不足，能接受，拍照还可以，晚上一般般，手感特别好，不喜欢刘海，所以选择了这个，2598，真香
静夜黑魅族16,"＃追求源于热爱＃
没有刘海就是最好的设计
整机看起来温文如玉，拿起来轻薄圆滑。延续魅族15系列的线性震感马达，打起字哒哒哒哒那是根本停不下来呀，立体声双扬声器，吃鸡可以做到听声辩位。
插一句，这些年厂商不学好全把3.5mm耳机孔阉割，这点魅族真的太良心了，真旗舰魅族16th。"
烟晶紫魅族16 X,"期待的手机来了。
用了几天来评论的。
速度啥的确实两千里面应该没有能比的吧。
而且手机颜值高。
有一点问题发现了就是打游戏人家打语音过来不能接而且**或者微信崩溃应该是系统的原因吧。"
远山白魅族16,双十一下单，页面显示20号发货。等到16号看到发货信息了，双十一物流慢，显示18号送到，17号下午五点显示到配送站点了，赶过去拿。包装是个像书一样的的纸盒，打开后手机还是比较满意的，颜值比米8好，带的套有特点，只是四角卡住，边框与手接触。原先也是魅族，数据直接转移过来。耗电量马马虎虎，可以接受，A屏有闪烁，对比一下米8略好。跑分一般27万多，没有达到平均数。系统比较流畅。3.5耳机插孔比较好，转接还是不便。
远山白魅族16 PLUS,被魅族15坑了，刚买了半年降价800。奈何就是喜欢魅族手机，狠下心买了魅族16plus。说实话到手给我的感觉要比魅族15强烈了好多，颜值爆表，搭配骁龙845用起来非常流畅。两个字:真香！魅族手机的颜值和系统一直在线，最近系统的小bug有点多了，希望工程师们认真起来。勿忘初衷，方得始终！
远山白魅族16,可以说18年最完美的机器了，真香。唯一也是致命的问题就是缺货了。能原价拿到，那一定是最值得入手的。从无刘海的屏幕到质感，从性能到拍照，先线性马达到音质。都很满意，但也有小小的不足，比如说拍照速度慢，逆光拍照炫光太明显，还有就是缺货。16是部好机器，但再缺货留给魅族的时间真的不多了。
静夜黑魅族16 PLUS,机子很不错，扫脸很快，屏下指纹不是很灵，有待提升技术，跑分很高。样式很好看，有些软件好像不是特别兼容，今日头条容易卡死，还有些容易打不开。
汝窑白魅族16 X,描述的一样，真机比照片好看很多，手感一流，丝质顺滑，追求源于热爱，为信仰充值，感觉值了，就好，手机靠颜值吃饭的，不将就，才能有成就~~~~
静夜黑魅族16,#追求源于热爱#20日开抢的第一批魅族16，已经使用了好多天了。1、没有刘海看着很爽2、手感不错，性能强大3、拍照很好4、温度控制也好。希望在以后继续优化！！值得买
汝窑白魅族16 X,"下面是16x,，上面大家猜，对比一下，看来三星1080p,a屏还是差很多的"
静夜黑魅族16 PLUS,物流很快，整体来说还是不错的，拿到手里就是个头大，
远山白魅族16 PLUS,这次发的快递有个外壳，手机外包装基本没瑕疵的。手机手感很好，拿到手立即开机升级了，光看外观和手感挺好的。不愧神机
远山白魅族16,20号下单，24号到手，给京东物流点赞！手机手感极佳，做工精致，运行流畅，跑分29W+，性价比基本没有对手；A屏没有想象中的不舒适，反倒觉得显示效果细腻自然；续航方面，我不打游戏，日常中度使用一天也是问题不大；拍照的话，放几张图片感受下:
静夜黑魅族16 PLUS,下单两天才出库，呵呵，用了京东四五年，没碰到过，手机也不便宜为什么不送个膜？？？？魅族手机不错，买第四个了
远山白魅族16 PLUS,从没用过这么漂亮的手机，简直就是艺术品，完爆小米。
静夜黑魅族16,双11拍下的64G版本。抢购期间还有100元的优惠幅度，过后商品一直显示需要从供货商采购状态。经过和客服妹子一番沟通询问后，产品终于在21号发货了。。。。进入正题，老煤油了。从mp3时代x3，m6，m8，mx3，mx4pro一路过来，又再次回来魅族怀抱，黄老板的小试牛刀不是盖的，系统流畅度杆杠的。产品设计，系统ui，系统流畅度，拍照，续航等感觉各方面都很优秀，习惯性全五星好评了！！！
静夜黑魅族16,＃追求源于热爱＃我是八月十六日抢的6+128的预售版，特意用了几天才来评价的，手机外观那是没的说了，就是喜欢这种风格，屏幕视野很是开阔，比我的水果5s爽多了，系统体验流畅，就是待机感觉有点耗电，WiFi下待机大概一小时1%左右，充电速度那是相当快，一小时左右满电，其他进一步体验再来评价。
砚墨黑魅族16 X,解锁响应相当灵敏，运行度中等偏上，屏幕显示很优秀，整机性能可以胜任多任务，多后台，对于极端玩家也可以勉强胜任。综合性能优秀，在现阶段，同等价位中，性能算得上霸主。
汝窑白魅族16 X,抢了N次终于抢到了，却正在采购中，期货啊，等了五天突然发货了，用了几天，说说看法，外观做工很好，屏幕清晰鲜艳，比15PLUS的2k屏好，如果看白底黑字的页面，就象在温润陶瓷上印字一样，美仑美奂，爱不释手；用手势方式需练习熟练后也挺好用的，流畅舒心，拍照清晰，这方面倒是放心的，毕竟顶级拍照配件；电池中度使用大半天吧，自动调节明陪很人性化，变化了你也察觉不到，能按个人喜好手调节变化的度；指纹在不湿手，摆好角度力度下，成功率95%，随机的话70%，有意思的是反过来180度也一样成功，担心为了提高成功率降低指纹分辨率，类似的指纹也能通过，总之，16x是款不后悔的好机。
静夜黑魅族16 PLUS,＃追求源于热爱＃终于收到手机了，不愧是魅族的真旗舰，绝对值得拥有。行百里者半九十。总的来说很满意，屏占比特别大，大小和五点几的手机差不多大，但是屏幕大一截，性能也好，电池也耐用，非常满意，还送个壳。争取摘到月亮，因为即使你坠落也会落在群星之间。很不错，屏幕大，但是很省电，打游戏电池也很耐用。快递也很快。我这张脸只要遮住两个地方就完美了！一处是右半边脸，另一处是左半边脸。上午下单，下午就到了。
极光蓝魅族16 PLUS,没有开胶、开边的现象，握持感很不错，线性马达很上瘾，装满40来个应用之后剩余98.54GB，A屏观感还比较舒适，双扬声器音效也蛮好，骁龙548加持，液冷散热，Flyme的深度优化，总算是中规中矩的年度旗舰
静夜黑魅族16 PLUS,运行速度很快，骁龙845就是牛，魅族的调校也很出色，屏幕显示也可以，就是阳光底下看的不是很清楚，正面屏幕指纹解锁有点慢，但是这个价位还是很值，本来想给五星的，但是电池容量有点小，不支持nfc和无线充电感觉没那么酷，所以四星吧，总结两个字，真香
远山白魅族16,双11那天买的白色64g的，今天拿到手，不得不说，拿到手第一感觉，轻便，材质像玉石一样温润，手感很好，然后打开感觉操作挺流畅的（我是用华为p20的），安兔兔跑分29万多吧，我本人喜欢音质好的手机，所以这个绝对不亏，因为其它不说，试用用的是华为的原装耳机，感觉音质秒杀华为p20，外放也很好，双扬声器，不过待机没有华为好，不过对与喜欢好音质的人来说这个绝对是最值得骁龙845手机了！顺便说一下，照片p20拍的。
静夜黑魅族16,不亏是旗舰机，手感很好，不过论小巧的手感还是15的手感好，电池方面对于我这种不玩游戏的来说可以用两天
汝窑白魅族16 X,帮人买的，暂时没发现什么问题，物流很快，本来还以为下单一周后才发，结果过两天就到了。
极光蓝魅族16,"用了5天了，简单说一下吧
1.准时抢的话还是很好抢的，踩点进去就可以，去早了记得退出来再进一次
2.相机，外放，屏幕绝对是很棒的，虽然没有三星强，但是很接近，前置后置拍照都很不错
3.我的极光蓝可能因为加了100吧，做工很优秀，比之前的米6好很多，机身缝隙很小，整个手机极其精致
4.手机的三个灵魂:震动，自己体验，打字开震动爽的一批。手感爆炸，今年手感最好的手机不用怀疑，特别轻薄，还有精致。845，性能很强，吃鸡很流畅，日常用也很爽，装软件都是秒装，不愧是UFS2.1的闪存
5.缺点:唯一一个缺点就是电池不禁用，只能够轻度使用，最好买个魅族充电宝搭配用吧，79那个还有快充。
PS:强烈建议买极光色，特别好看，又闪亮，又低调
屏幕指纹很好用，别看网上乱说，我手汗脱皮都事百分百解锁，早上起床或者洗完衣服会有时候解不开，这个时候也录一个指纹就好了。
液态铜管散热效果挺好，打游戏的时候背板一点热都没有，算不散到金属边框上了，散热做的很优秀"
极光蓝魅族16,预计明天，今日就到货了，吹一波物流！周一孔雀青note6丢了，思来想去，还是一步到位买了最喜欢的颜色，不将就！手机颜值超高，系统还是熟悉的味道，支持魅族，虽然note6挂失了还没找回来，总之新机到手，心情好很多！
静夜黑魅族16,收到了，很漂亮，很喜欢，很满意，这就可以了。
汝窑白魅族16 X,性能没的说，拍照也可以，比小米MiX2S省电些，就是画面图标没有小米那么精致。
汝窑白魅族16 X,手机手感很好，操作流畅，就是快递晚了一天
远山白魅族16 PLUS,身为米粉，苦等小米八探索版两个多月无果，真的心都凉了，对比探索版，16plus的设计真的惊艳到没话说，包括一些线性马达啊，液冷啊什么的感觉要比mi8的一些黑科技实用性，性价比强很多，就是不知道魅族的品控如何，昨天晚上幸运抢到，怕发货慢特意发学校里去了，结果手机今天早上就到了学校...我还要等到后天到学校去取...饥渴难耐啊...先来评论感慨一波哈哈哈，还没抢到的煤油加油哈哈哈~
极光蓝魅族16 PLUS,"真香啊。非常完美尺寸与PRO5相当,不存在适应过程。刚开机检查测试。晚点安装软件再追评。"
远山白魅族16,东西很棒，就是物流太慢，差不多8天才收到货，快递小哥态度好，还行
汝窑白魅族16 X,外观设计非常漂亮，性能也非常不错。就是照相离三星和苹果的差距有点大
静夜黑魅族16,手机挺好的，就是后盖间隙有点大，感觉被水了，厂家真的舍不得这莫点胶水嘛，相机感觉不错就是自己照不出来，后盖玻璃指纹不是一般的粘，还有就是屏幕太容易刮花了
远山白魅族16,1.关机键是像坏的，手感反馈不明显，有点松动，对比音量键的反馈，关机键的没有感觉。，音量键也应该换到屏幕左边。音量键位置让我完全不喜欢，2后盖玻璃缝较大，可以插A4纸，3.像素镜头真的一般，前置镜头很差，后置也一般，我都怀疑原创的那些硬件是不是完全不行。                                    4看图片视频吧。
远山白魅族16,用起比较流畅，系统不错，屏下指纹解锁速度一般般，肯定没得home键上解锁技术成熟，不过屏下指纹挺有科技感的。
远山白魅族16,追求源自热爱魅族16，没有刘海，保留了耳机接口，使用了屏下指纹，还有线性马达，超#的双摄，快充速度也够快，讲实话比某米好多了。虽然大多数人说3000毫安电池不够用，但根据我自己的使用情况来看，并没有那种耗电很快吃鸡可以吃好几个小时，崩坏3也是，而且开高特效，手机温度并没有非常烫，始终维持在一种温温的感觉，比我之前的手机好太多了有没有！下附跑分表和一些
极光蓝魅族16,还没有开封，估计很漂亮，已经是第二部16了，前一部是白色的16。这次极光色是现货，今天上午下单下午就到，稳的一批，超级喜欢京东和魅族啊，晒一下之前的白色16，两次原价抢到16，上天眷顾，哈哈哈哈哈哈哈哈哈
远山白魅族16,先说这个价位买到这个手机确实很惊艳，屏下指纹识别比较好。不足:屏幕相比两k还是差一点和对焦有点慢。魅族的客服态度不好，有个小问题，最终通过京东客服处理。总结，6+64够用的情况下，性价比很高。
静夜黑魅族16,没想到20号零点首发就抢到了。  性价比超高。 就是电池小了点
远山白魅族16,关键是喜欢flyme系统，因为魅族多年处理器用的联发科所以这几年没有买过魅族，但是当年用的matle即便到现在使用~qq还是很顺畅系统是真的好，难得今年终于使用了旗舰处理器必须上啊～
静夜黑魅族16,双十一预购，今天到货，拿到手的第一感觉就是太爽了，全面屏无刘海，包装也实在，用起来非常流畅，指纹解锁还可以的，续航确实是硬伤，由于到货较晚京东补豆给我了，还是比较有诚意的
静夜黑魅族16,屏幕指纹、人脸都比较快啊！无刘海颜值较高啊，中度使用电量到下班回家无压力啊。个人感觉，最大的缺点就是~多，需要手动禁止弹出。送的自带壳是刮花的。买了个全险
远山白魅族16,"#追求源于热爱#魅族16 白色 6+64  到手一晚，简单说下:
1:手感圆润，前后玻璃不割手，手握住两边有点滑，裸奔感觉会容易摔。面板只有细长型听筒跟前摄像头开口。两边边框窄，但是照片上黑色感觉会显得更窄一点。后摄像头贴了保护贴，不知道以后用会不会有划痕。
2:显示效果还可以，用惯了一加3T辣眼屏再看这个有点太素了，淡雅的感觉。
3:指纹添加一个需要按20次，解锁速度不如一加3T快。一加手指一放就行，这个得按一秒，有明显的等待时间，可能是我没揭膜的原因。回头来了玻璃膜再测。
4:手势切换速度快，但是需要适应。用惯了安卓三大键再用手势肯定会有学习成本。
5:电池还没充满测试，但是三千毫安感觉有点悬，希望优化能好点。不想随身带充电宝。
6:拍照只晚上拍了张，嗯。。感觉还好吧，拍照速度很快，但是对焦有拉风箱。恩，一定是晚上室内灯光光线不好的原因。
7:刚到手有推送升级7.1.1.1A，系统运行速度很快，无卡顿。内置应用有9个，都可删除，其他内置类似福利中心、新闻资讯之类不可删除。
字数满了，等追评。手机价格摆在这，你非要跟五六千的比，那就是耍流氓。这个价格能买到很超值，个人感觉，不喜勿喷。"
远山白魅族16,我是用了半个月才来评价的，我很好彩，20号零点上来京东看看就抢到了。抢的时候用了4g网，地址我都写错了，但是我知道我不能改，如果改了地址我肯定就抢不到了，于是全程下一步下一步就抢到了，手机买到又觉得有点浪费，毕竟也要小两千多，我自己已经自用6sp了。但是一直关注魅族，直到它出845。手机还是可以的，打游戏真的有散热功能，我的6sp烫死了，而16还是保持能被接受的温度。续航的话我轻度使用，也就刷刷头条看看~这样，晚上下班回来打几局刺激战场，晚上再刷头条，还是有电，一天一充这样子。游戏方面，刺激战场可以开hd高清，完全不会卡的。屏幕虽然没有我的6sp那么细腻，但也完全够用。国产手机屏幕很多确实不能拿来和苹果比较的。指纹解锁如大家看到那样，有时候还会更快，但是有一点是，识别率有待提高，手上有任何液体都会影响识别，记得很多次我早上买早餐付款不了，很气人啊。面部识别普通光线秒开，黑夜如果你的屏幕足够照亮你的脸也能识别。总之系统很爽啦，有不足的地方是，为啥下吧还是那么宽，有点遗憾。还有手机如果啥也不戴，真的超爽，黑暗情况下，按住闪光灯有很美的画面，正如你们所看到的网图一样，好了纯手打，500字
砚墨黑魅族16 X,"第一感觉：真香！?
魅族官网抢了三次，以失败告终！
失望之余，同一天竟然在京东意外抢到了！！！?
魅族做工依然扎实，用手机里的魅蓝note拍的，用了三年半的老手机了，依然坚挺！（运存和内存均告急）
先做个开箱体验，后期再追加使用体验的评价！?"
远山白魅族16 PLUS,"喜欢圆润白色的外观，总体满意，如果品控和相机再做好一点，那就完美了。
《一》屏幕，我个人觉得看起来比较舒服，不阴阳，不过屏幕向右倾斜了一点点，所以黑边不一，其他品牌的旗舰屏幕正正的黑边都对称，如果魅族能跟进，那就好了)
《二》相机，硬件不错，细节可以，但色彩偏冷，只能看看后期的软件更新了。
《三》马达的声音和触感不错。
《四》包装灰尘多，出厂膜上面有擦拭的水痕。
《五》边边的缝隙可以接受，不过边边进了几颗尘，清理不出来。
《六》基于Android 8.1做出来的Flyme7系统流畅可以，现在的Android做的很好，不会卡。"
远山白魅族16 PLUS,终于等到你，还好没放弃，此刻很想哭。多的不说了，大家都懂，颜值，质感，配置，性能&hellip;&hellip;完美。
静夜黑魅族16 PLUS,从M8之后就深深的被魅族吸引，买过的魅族不下于两位数，曾经因联发科而失望过，但是当16出来我就知道，曾经魅族回来了，王者归来，依然是那么的香，恩，真香。拍照很清晰，平时日常使用足够了，声音不愧是双扬声器，音质很棒！指纹很灵敏，骁龙845，8+128完全足够应付所有的需求。作为强迫症患者来说，魅族真是一点毛病没有，大爱魅族。祝魅族越来越好！！！
静夜黑魅族16,"购买经过:提前关闭了WiFi内的所有其他设备，重启了下路由器，锻炼了下手速，开抢。20号0点0秒抢购下单成功。下单成功后，当天下午3点收到手机。
京配感受:京东包装手机真的很暴力，几千块的东西拿个气泡袋就发过来了，收到后盒子都已经磕坏了，应该是分拣扔的。
产品包装感受:设计很漂亮但是和手机一样很容易沾染指纹，背部的参数标贴印刷不是很好很模糊。
开箱清单:手机，充电头，数据线，透明手机壳，取卡针，保修卡，VIP卡。
手机:第一眼觉得屏占比高的感觉手机很小，比坚果pro2上下小2cm左右。黑色机身感觉很一体性特别好，很漂亮。一打眼看就知道是三星的屏幕。手机的接缝很好，做工非常优良(之前还担心第一批手机怕做工不好)，手感很好，大小也很合适单手持握不割手。机身中框材质有点类似小米6x，感觉不够档次。屏幕及后盖容易沾染指纹。比较惊喜的是听筒，现在的手机听筒都做的很小，而且都是开个槽就完了，锤子pro2听筒经常进灰。过段时间要掏一下，16听筒有一层小孔。感觉填充感好一些也不容易进灰。
字数限制只能写这么多，静待追评吧，追评发开机体验。及指纹，人脸识别。"
远山白魅族16,"老实说，我在京东经常买手机，但很少评价，第一很多手机是朋友同事托我买的，更加多是懒得写。但作为一个轻度魅族粉，想分享一下这个喜悦。
很多年前有一台mx4，但那台手机&hellip;&hellip;玩个游戏可以烫伤手，以后备用机买过魅蓝3s，苦于一直没有旗舰机，所以都没有充值，但这一次，为了16，真的第二时间拿到，爱不释手。
照相非常满意，不愧是imx380，夜景都清晰。其他，游戏没问题，最赞的是游戏中还能回短信，微信。而且非常薄，散热又快
唯一缺点，电池，实在有点小，玩游戏的话在外绝对要充电宝。"
远山白魅族16 PLUS,从9月12号抢购到的。是晚上22号开始出仓有货发，二十三号收到货。现在京东比较好生意的，以前都是早上应该都可以收到货了，现在快递也要到下午才送到。我也等不及了，直接就去到他们的分发点直接自己拿了。开始装两个电话卡，发现电信卡说可以上网，打不了电话，吓到我了，后来搜索网络@了就可以了。屏幕呢，就没发现什么颗粒的那种呢，因为我本身就是用pro6plus。6plus现在就没用了，放在一边，现在身上带着就这个16plus。还有中兴天机7，天机七是用来工作用的。本来也不想买了，这么多手机要来有什么用，但就是耐不住诱惑吧，出旗舰机都是要买。收到第一天是中秋，前一天我们这里搞个什么音乐会，我们就去看了拿出来拍真的是夜拍神器在边上都看见很多人拿那个iPhone或者其他手机来拍，根本就看不了那个舞台反光太厉害。还有说的那个屏内指纹那个问题，很多人说不灵敏，我看是录不好吧，我觉得都是一次开的了。还有那个贴那个钢化膜，老实说你就算我拿那个pro6pus来贴钢化膜在指纹那，我看前指纹也会用不了吧，音质以为没中兴天机七这么好，一句话非常棒。我老婆现在还不知道我买了16plus。知道肯定给骂了。??
静夜黑魅族16,手机到手已经一周了，说一下感受。拿在手里手感很不错重量也不算重。外观方面基本都做的很极致了。然后手机是屏下指纹解锁和人脸识别。因为屏下指纹解锁，所以这款手机对于指纹没有那么灵敏。相比较我之前使用的三星S6edge+指纹确实没那么灵敏。所以我又设置了人脸识别，抬手亮屏。这样基本一抬手，手机就能打开。人脸识别和指纹都不算特别灵敏，但是都是比较好的了。手机拍照像素很高，但是手机反应慢有时候拍照直接返回照片都不能保存。整体别的软件反应都很快，手机性能上成。操作起来也是得心应手比较人性化。10满分的话，外观加分，指纹人脸识别的不灵敏，扣分。拍照时候的偶尔卡顿扣分。整体的用机体验比较快，比较人性化，加分。考虑到3000块钱的价格，整体给到8分吧！推荐购买。
汝窑白魅族16 X,东西收到了，速度很快，价格便宜。正品很漂亮。
静夜黑魅族16 PLUS,从MX3到pro5到现在的16，个人觉得是魅族最成功的三部手机，虽然等了大半年（从pro7一直都在等），但也是非常值得的。16的手感不错，很薄，拿在手上没想象中那么大（本人妹子，已用了某米note3大半年，确实不太想用了），另外，双扬声器效果非常棒，还有操作要慢慢摸索，毕竟屏比较大！
远山白魅族16,#追求源于热爱#京东牛逼！魅族牛逼！20号晚上12点一抢就抢到了魅族16，十分开心。魅族16手机颜值很高，很好看，更好用，骁龙845，屏下指纹识别度很高，大爱。拍照效果杠杠的；手机非常的轻薄：轻仅152g，薄仅7.3mm，和发布会介绍的一样，手感好；散热方面，魅族16内置了一根含有制冷液的热管来辅助散热，降低手机长时间高负载时的核心温度，长久使用不发烫，非常良心，厉害厉害！从魅族MX3就开始使用魅族了，非常好用！非常支持魅族，支持京东，魅族牛逼！魅族加油！！！
极光蓝魅族16 PLUS,今天下单用京准达很快就到了，晚上灯光有点暗
远山白魅族16,可以的，喜欢，大爱，
砚墨黑魅族16 X,感觉还行，就是指纹不怎么好用，快递真快
静夜黑魅族16 PLUS,对的起 真香  这个两个字
极光蓝魅族16 PLUS,挺喜欢的，一直是魅友
远山白魅族16,快递速度很快，晚止定的，第二天就到了，很满意。果然很香。就是不知道为什么开机之后日期是1970年1月26号，这是一个什么值得记住的日子吗？看图有真相。
远山白魅族16,真香，就是这个电池。。。。。。
静夜黑魅族16,#追求源于热爱# 追求高品质，热爱生活，所以我更喜欢照相好的手机，这款手机照相不错，很棒，给孩子拍照非常好，准备在抢个白色的！！
远山白魅族16 PLUS,"嗯，魅族16p,真香，魅友路过，电池续航给力，外观漂亮，有点大，整体完美。"
静夜黑魅族16,物流很快，因为不喜欢刘海屏才选这个的，外放声音很大，双扬声器很好，**ack也很好用，系统方面有些bug，保存的壁纸在相册里打开都变形了，屏幕指纹不怎么灵敏，解锁速度也慢，在外面用别的充电头充电时屏幕一直亮，灭了又亮的
极光蓝魅族16 PLUS,在好几台845手机里理性分析后选择了这款手机，晚上下的单第二天早上十点就到了，用了一个星期。先说下购机时担忧的问题，一、摄像头没有发现有灰。二、上方扬声器左边确实有一点点溢胶，不过带上手机壳就能遮住了。三、没有阴阳屏，游戏画面的颗粒感在能接受的范围。不过颜色不够鲜艳，感觉上和其他手机相比有点苍白，玩了两天才习惯。其他的指纹解锁辨识率挺高，不经常使用相机，也还行，但能感觉到没有xplay6照的好，电池电量也还行，游戏也能完美运行，发热只有一点温热。玩游戏时收到的qq~消息会以弹幕飘过，感觉很新颖，也可以小窗口回复消息。第一次使用魅族手机，感觉还不错，挺喜欢的。最后这个桌面主题很可爱，很喜欢
极光蓝魅族16 PLUS,颜值设置确实不错，配置也相当高，但是还是有些美中不足的地方，续航方面比较差，一个晚上待机就12个电，轻度使用也用不了一天，还有就是推送的东西太多了，还有指纹识别率全屏手势优化的不够好，其他都挺棒的，在乎续航的不建议考虑哦
远山白魅族16 PLUS,"＃追求源于热爱＃首发很幸运抢到了，没刘海非常漂亮，对比了手上的7p15p屏幕没多大区别，845加持非常流畅娱乐兔跑分29多，同样的摄像头比15p拍照好很多，希望后续优化不要忘记15P,  16p信号真的很强地下车库还满格，新交互不错毕竟用了这么久flyme 容易上手，希望魅族越来越强大，坐等16s发布！"
静夜黑魅族16 PLUS,"等了七天，终于拿到手了。
仍然是熟悉的感觉，外包装沿袭了pro5简约高贵的风格，摒弃了pro7所有的华而不实。
打开盒子，屏幕出厂贴的塑料皮有些脏，可能是赶着出厂的原因，老煤油表示谅解了。
外观很惊艳，6.5并不觉得非常大，可能跟屏幕占比大有关系。屏下指纹成功率很高，贴膜后影响不大，小伙伴们可以放心。
F7系统一如既往的简约好用，软硬件运行非常流畅。
拍照效果好，夜景还没试，今天晚上试试。
总体而言，十分满意！支持魅族，国货精品！"
静夜黑魅族16 PLUS,"一如既往信赖京东。
本人数码发烧友，尤其烧手机。以前每玩一款都会认真的写优缺点，经常写到字数上限都不够，热度很高还会引战，记得之前米6的评价下面评论都1000+了，现在懒了，各位老板自行体验吧。"
晨曦金魅族16 X,操作流畅，通话质量好，电池续航满意，手感一流，屏下指纹使用方便，拍摄清晰。抢了好久才抢到&hellip;&hellip;良心产品值得拥有！
汝窑白魅族16 X,第一次用魅族，之前用的华为，使用了大半个月，说下自己的感受，绝对客观。优点:手感无敌，颜值无敌，这款手机这两大优点基本上无人能打，16x的手感比16th还要好，汝窑白是最好看的。摸过16x以后，再也不想碰其他手机。照相很好，用的华为p20的传感器，可惜魅族的算法比不了华为，可玩性也没华为高，如超级夜景等模式都没有，但是底子在那里，3000元以下的手机没有对手。至于处理器，骁龙710完全够用，我也就打打王者荣耀吃吃鸡，高帧率无压力，并且16x的续航要好于16th，这也是我选择16x的主要原因之一。说说缺点:早闻flyme好用，这次也是第一次使用，相比于emui，Flyme的颜值确实高了不少，但是没有emui稳定，会出现小卡顿，全面屏手势也容易掉帧，并且~确实挺多的，连系统自带的天气APP也有~&hellip;&hellip;魅族对于系统的优化真的有待提高，前两年还说Flyme是做好的国产UI，现在真的不好说了。缺点还有，相机启动过慢，有时候要两三秒，还会出现闪退的现象&hellip;&hellip;指纹识别率不高，建议每过一段时间重新录入指纹。总之2000多的价位16x性价比还是有的，尽管有一些小毛病，如果你是个颜控，这款手机合适不过
静夜黑魅族16,心心念念的魅族16，真香，之前早就想买，到迫于黄章大兄弟一直缺货，只好一直等啊，很幸运在京东上抢到了心仪很久的845旗舰，买来了有大半个月了，手机真心好用，超线性双扬声器，第二代mEngine触感引擎，还有屏下指纹，极窄的边框配合无刘海设计，手机看上去真的好看，后置双摄，底大一级压死人，真的没错，前置2000定制摄像头也很给力。如果你是个注重体验，手机品质的手机爱好者，魅族16是3000价位最好的体验！魅族加油！期待有很好的旗舰，让更多煤油回归！虽然这是我第一次用魅族，但真的很赞！
极光蓝魅族16,可以说是相当精美的机器。骁龙845，Imx380相机，屏下指纹，横向振动马达，几乎所有最好的硬件配置都在这台机器上，加上外观精美的工业设计。配的上真香旗舰称号。唯一的弱点是魅族自家对机器的调试，包括屏幕色彩，相机色彩还有flyme。对于软件部分还是需要加强，流畅程度不及苹果。也不及小米。硬件都在这里了，希望魅族越来越好。
静夜黑魅族16,挺激动的，第一次买旗舰手机。感觉还行吧。以前用的魅族MX5，习惯了。用几天感觉一下再追评。
远山白魅族16,真的好漂亮阿，比我的锤子pro2白色版漂亮多了，尤其是屏下指纹功能，试了一下反应效果非常快，玩大型网游游戏也没有出现卡顿，掉帧的情况，散热性能也非常不错，黄老板这次魅族旗舰16是非常不错的~我很喜欢~希望也可以让大家伙也喜欢~                       非常好抢哦~
远山白魅族16,#追求源于热爱#自从iPhone4S之后就没有买白色手机，但除了魅族16白色很好看，最好看的全面屏，没有之一，屏幕跟iPhone6整机差不多大，手感和iPhone6一样很好，屏幕指纹解锁速度比不上非屏幕指纹解锁，不过已经足够快体验很好，加上面部识别解锁感觉无敌了（没有试过其他的?），如果下一代能加上NFC就完美了
极光蓝魅族16 PLUS,终于买到极光蓝颜色的，看中外观颜值高也无刘海屏；8G运行内存很流畅，打开软件都很快；就电池续航问题差，掉电太快了!好在还有24W快充，充电快，这续航问题还得麻烦工程师加强对系统优化；总体不错 就等这款手机等了几个月&hellip; 总体不错，这次这款魅族16旗舰机性价比高，值得购买。
静夜黑魅族16,等了那么久的魅族16终于拿到手了，还好买到了。用起来挺好的，喜欢它的功能，手机的颜值也高。不足的是屏下指纹有时候不太灵敏，望改进。必须要夸的一点是照相真的超棒，照的照片完美。希望魅族越做越好&hellip;&hellip;
静夜黑魅族16,"就喜欢京东这个速度，第一次首轮就抢到了，哈哈哈，开心！本人手机爱好者，每年必换，而且谈不上什么粉，觉得哪个好就入手试试，之前得小米6确实还不错，希望魅族也不要让我失望，flyme还是魅族的灵魂,希望硬件大进步，软件更加出色！初上手质感，颜值，流畅度都完美。把玩几天再详评！"
静夜黑魅族16,挺好用的，10月25下午4点多买，10月26早上8点就到货了，刚刚买回来到手的时候觉得很惊艳，全面屏，机子很轻，大小也适中，有耳机孔，充电也可以玩游戏，亮屏快充也挺快的，带个一万毫安的电宝差不多了可以在外面打一天游戏。
远山白魅族16,"用了一个多月 确实进步很多  性能强劲  进软件游戏很快 散热也比以前好
白色很漂亮 手感好 拍照很好 晚上很赞 下面有图
续航就一般般   屏幕也一般般 不像以前的魅族 上下边框要能再缩小一点就更好看"
极光蓝魅族16 PLUS,此用户未填写评价内容
汝窑白魅族16 X,包装的太简单了，就一个纸箱。很薄，汝窑白很漂亮。不玩游戏基本上都够了，非常满意的一点是信号比p6p好多了。
极光蓝魅族16 PLUS,此用户未填写评价内容
极光蓝魅族16,很好的魅族支持你
远山白魅族16,"#追求源于热爱#
一直等待魅族的高通旗舰机，没想到首发就抢到了，作为老魅友感觉16的进步是巨大的，一部近乎没有短板的手机，好看的屏幕，拍照的提升，良好的发热控制，摒弃的刘海，以及完全不用担心的性能，促成了今年的爆品，一款可能2018年最好看最完美的手机。"
远山白魅族16,此用户未填写评价内容
静夜黑魅族16,从没想到要买这个手机，只是经常在头条新闻里面被刷屏才关注的，然后到实体店里看了一下觉得大小合适。手机整体来说比较满意，就是顶部听筒两边屏幕翘起。还好左右两边凸起比较匀称，如果一边高一边低，我真的接受不了，不知道以后会不会完全脱离就担心这个，如果一直保持这样那就算了，没关系用着了。我压根就没想到要买，本来想在黄牛那里买的，可是看到黄牛那里加价就不想跟跟黄牛买，在不经意间刚好看到京东有现货抢，我就随手点了一下，没想到真的买到了，一直在网上看到很多网友都在抱怨怎么抢都抢不到，没想到被我这个不怎么想买的一抢就抢到了，我想算了，买到了也是赚吧，看到很多网友都是这样说，所以就买了。我发现顶部屏幕突出就是翘起了。我第一时间心情很差，想到的就是退货，后来我看了一下评论。发现很多网友买到机器都是这样的，然后心里才平衡了一点，原来我不是个列。真的如果在意顶部屏幕翘起的话，我觉得还是不要下手，免得买了毕竟也不便宜啊，3000块对很多普通的朋友来讲，真的不少。像我这种自由职业者稳定收入，一个月将近1万，但是我平常的花销也大我感到买这手机也很有压力，毕竟我也不缺手机用。买到喜欢的还好，不喜欢的话那真的是买到遭罪
静夜黑魅族16,被屏幕指纹惊艳到了，拍照很666，线性马达很爽再也不用担心电话漏接了，之前用小米8都不知道漏接多少电话，骁龙845没的说，配置摆在那里。很赞推荐购买
远山白魅族16,＃追求源于热爱＃魅族16远山白看到的第一眼，就是太漂亮了。拿在手上的感觉就是我见过的手机中最美的手感最好的，上下对称式全面屏+超窄边框+极致屏占比可以说是一扫刘海屏大潮的阴霾。再加上骁龙845，屏下指纹，定制2000万前置摄像头IMX380*350和SuperAMOLED屏幕，AOE息屏显示，横向线性马达，铜管液冷散热，还有太多了。无敌相加比，加上Flyme的系统，就问一句还有谁？？？
远山白魅族16,用了近一个星期来评价，手机整体颜值还是比较高的，尤其是高屏占看起来还是比较舒服的，日常使用没有卡顿现象发生，但有一些不影响使用的小bug发生，玩游戏也没有感觉到发烫，**ack的按压震动反馈也比较舒服。电池方面呢如果不是重度手机使用者的话手机续航还是可以的，但使用手机较多的话，快充就起到了重要的作用。实测开3个后台（QQ，微信，运动健康）同时打开wifi，蓝牙然后熄屏充电从10%-100%大约需要1小时20分钟左右（从10%-50%需30分钟左右）。晚上待机开3个后台同时也打开wifi，蓝牙，待机一晚9个小时耗费10%左右的电量。其次是指纹解锁，若配合人脸解锁和抬腕亮屏，那么基本是拿起手机还没按指纹手机就已经解锁了，指纹解锁成功率很高，但会出现手指干净但无法解锁的1%低概率事件，在日常支付中仅发生两次指纹识别失败现象，处于可接受范围内的事。其他方面未发现品控等屏幕显示问题。手机内丰富的主题应该不会很快出现审美疲劳?，总体来说非常满意的一次购机使用体验，支持魅族！
静夜黑魅族16 PLUS,屏幕顺滑，玩吃鸡可以开高清模式和高帧率了，老远就能看到人。网络流畅，没有论坛里说的断流断触现象发生。另外扬声器外放音乐果然像发布会说的那样媲美CD音质。和之前的魅族Pro7plus对比了一下，差别明显。尽管P7P有运放模块外放音质比16明显差很多，当然没有尝试用耳机测试毕竟HiFi要用耳机才能听出效果的。买过的魅友可以尝试一下16外放音乐把手机横过来放面前听一下
远山白魅族16,嗯，到货了，现在是合法评价！颜值没有随主流，漂亮的不要不要的，使用体验到时候追＋
静夜黑魅族16,从果粉转来的，很喜欢魅族的flyme，手机硬件以前不行，现在用了高通845就没短板了，可惜屏幕没能用上三星2k屏。希望能用的流畅好用。
极光蓝魅族16,两天就到手了！ 很惊艳 选雪碧色真的对了！特意用了三个星期才来评价！运行方面没话说，流畅的一批  别人都说电量不行 个人感觉不错呀 充满电 两个小时王者外加蓝牙耳机音乐 剩74的电 一般我是一天充一次就够了！（就是充电普通吧 一个半小时左右 不快不慢吧） 系统方面 一开始用起来不习惯 Flyme系统现在对我来说太好了 各方面很方便 而且贼流畅！当然 不好的地方还是在指纹上吧 手上有点水就完蛋了 基本解不开锁 再加上晚上室外用 面部解锁也GG 就只能手动输入密码了！希望后续有改进就好了！ 最后附上一张上午战绩 手机要是卡一点 这局可能就凉凉了！强行带飞啊！
静夜黑魅族16,emmm，这个手机的优点大多都知道的，使用了一周时间说一下缺点吧，首先换了高通处理器后的魅族确实翻身了，但不得不说flyme的系统体验感越来越差，目前我使用的是7.1.1.3A版本，体验感真不尽如人意。1.在其他界面打开~消息是可能会出现图一的卡屏2.在游戏界面付款回到游戏界面是偶发图二的情况3.屏幕指纹真的识别很差4.拍照颜色偏冷见图三，之前用的是苹果8p，选择魅族是因为没有刘海屏，且此前对flyme系统有好感，但不得不说此次的flyme7很让人失望，各种的适配问题。期望魅族打磨完处理器后好好打磨下系统吧！如果你可以接受偶尔的应用切换时的卡屏，那么魅族的确是一个很好的手机。至少对我来说，没有刘海屏、没有大黑边，除了偶尔的系统bug，其他都是可以的，至少硬件没的说。
静夜黑魅族16 PLUS,手机完美，一下子买了五个，卖四个，开心，屏幕oled效果一般，为了屏下指纹也没办法，845处理器倒是可以，外观完美，物流完美，魅族可以
汝窑白魅族16 X,早买早解毒，真香机，即使闪存ufs2.1变为eMMc5.1，横向线性马达变为纵向线性马达，双扬声器变为单扬声器，由于845变为710处理器随之铜管散热也被砍掉，但依然阻止不了这是一部真香机。魅族16X有着710中高端处理器的加持，性能表现并没有落后旗舰机高通骁龙845太多，能够保证日常使用的流畅和拥有不错的游戏性能表现。在没有使用刘海屏和水滴屏的情况下，采用对称式的全面屏和极窄的左右边框使屏占比达到了90.62%，它还是最便宜的屏幕下指纹识别手机，拥有旗舰手机的拍照体验和效果，金属一体化的超薄机身设计有着不错的颜值和手感，这可能是两千元价位性价比最高的手机
远山白魅族16,"刚出时就想买了，结果没货！
前几天上网浏览一下忽然就看到有货了，综合考虑一下，感觉现在魅族16的配置还算跟得上主流！
就下单了，说一下手机用起来很流畅，拍照也不错，音质也还可以，就是能给配个耳机就好了！这是第一次用魅族手机，希望经得起时间的考验吧！魅族还是很有创新精神的！希望魅族不会倒！"
静夜黑魅族16 PLUS,太漂亮了真香，摄像头很给力，外放很震撼
静夜黑魅族16 PLUS,"好，这个手机用了有小半个月了，现在我来评价一下，给那些还在纠结的人或者选手机的人一个参考。
1.外观：没得说，我不喜欢刘海屏，魅族16是一款没有刘海的全面屏手机，拿到手非常惊艳，上下额头非常窄，真的非常窄，左右边框可以说是手机里面最窄的了，非常漂亮
2.**ack：魅族16没有了home键后，**ack由一条线代替，用着非常舒服，个人对全面屏手势用着不习惯，而且套上手机壳后全面屏手势用着也不方便，所以体验非常棒，特别是重按回到桌面，因为线性马达而感觉特别爽
3.线性马达，魅族16采用了跟爱疯一样的横向线性马达，不管是手机来电，闹钟，还是**ack等等用上了就放不下了，真的不错
4.电量，我买的16plus，用到现在基本上是一天一充，如果不玩游戏的话用一天足够了，对于一些上班族和学生党来说
5.双扬声器，16在电话听筒处也做了扬声器，不论是开视频还是玩游戏还是耍抖音，比单扬声器体验好太多，立体声，我这么讲你们明白吧
6.屏幕，16采用了amoled屏幕，我个人感觉挺舒服的，有些人可能会问16plus有没有颗粒感，我觉得挺清晰的
7.相机，这也是我非常关心的点，我在拿到手机后时差会在不同场"
极光蓝魅族16 PLUS,手机很好看，很耐看，用了将近两个星期才评价的，机子很好没毛病，而且这极光蓝的颜色真好看，机身很薄，摸起来很舒适，手机续航也还是很好的，音质也还可以哦，这手机对我最大的吸引力就是他的屏幕设计，真好看，振动的感觉真棒。相机方面也还是可以，不过我觉得都到将近2019年了，后置摄像头的光圈还是用f1.8，进光量太小了，拿和随便一个光圈为f1.7的手机比，感觉像素就没那么好了，而且我自己还觉得这个手机的像素还比f1.7的手机差点呢，对这点很失望哦（我是用这手机和一加5比的，我前面用的就是一加5）。我感觉至少也得是用f1.7的大光圈吧，
静夜黑魅族16,非常满意，很好，屏幕很清晰，照相很好，闪光灯很亮，性能稳定，
静夜黑魅族16,"缺点1：指纹识别速度慢且经常无法识别
                    2：电池及其小
                    3：喜欢录全民K歌的千万别买，录歌效果及其差
          优点：系统可玩性高流畅，双扬声器外放效果好，正面颜值不错，轻薄。"
静夜黑魅族16,我对魅族的Flyme系统可以说很了解了，毕竟用了多年，感觉还是很好用的，在国产手机系统UI中，我只喜欢Flyme和MIUI，这两个系统我觉得设计风格很有自身特色，也比较好用，习惯了Flyme的我拿起魅族16th的感受下系统，感觉还是如初的味道，虽然已经有一年不用Flyme了，但是拿到魅族16th感受下后还是非常的棒，还是以前的味道。
静夜黑魅族16,没有想到运气这么好，在京东一抢就抢到了！！！非常满意！屏下指纹，845通关散热，安兔兔跑分第二！鲁大师流畅度第一！非刘海屏！91.18/100的屏占比！耳机孔！立体扬声器！震动马达！不枉等待了二十多天，实在太喜欢了，第一次用魅族，爱不释手啊...这么好的手机实在应该多多生产，让大家都可以用到！！！！！！
静夜黑魅族16,"购买原因：朋友推荐，在众多机海中选择了之前并不了解的魅族。优点：不再赘述，厂家、媒体、网友都认为是值得购买的机器。缺点：是不是因为赶工的原因，屏幕边缘铝合金边框条状漆缺失，咨询售后，售后告知手机外观问题不属于质量问题。综述：第一次选择魅族，也许也是最后一次。欢迎打脸。黄章加油。"
汝窑白魅族16 X,帮姐姐买的，很不错，今年国产机也只有魅族能香了，6＋128G内存也够日常用了，3100的电池个人觉得有点小，哪怕手机厚一点也想电池大一点，白色看到没有天线带很漂亮，因为时间有点急就体验了一下王者荣耀进游戏57帧，最高61帧，基本稳定在58帧很舒服，710的性能和功耗都很好，总的一句话真香～希望魅族明年能继续努力，不要让我们失望。
静夜黑魅族16,第一次用魅族机 感觉还不错 手势不喜欢 老是想按右边的返回键，自己的7p老婆用了 之前只用过小米，一直喜欢魅族的flyme 系统太好看了 今天用了一天 电池还不错 不是重度使用 一天可以 颜值很高 拍照效果犀利！就是这个手势还需要多适应！整体是个好旗舰机 加油！
静夜黑魅族16,外观直接看吧，小可爱们应该都看过了，所以就拍了几张各部分照片。可以说是超大的R角，符合机身弧度。然后就是金属中框和3D后盖玻璃，手感可以和15后背弧度类比，可以感觉出来弧度还是经过了静心打磨的。不过这种操作发生在阿章身上太正常了
静夜黑魅族16,手机收到了，一开盒就被惊艳到了，炫酷黑色无刘海全屏机，手感特好到手操作完全没有压力，安兔兔跑分直接29万多，太NB了，从第一部魅蓝NOTE2到现在的16，用了6台魅族手机了，停不下来的节奏，淘汰的手机给我父母用都说好用，一直支持魅族，加油！
极光蓝魅族16 PLUS,"极光蓝配上极光背膜，是真滴香啊～
希望大家能早点抢到！"
静夜黑魅族16,很好满意，首发抢到运气太好了
静夜黑魅族16,优点:外观漂亮，手机尺寸刚刚好，握持感舒服，性能就不用担心了，毕竟骁龙845的处理器，横向线性马达的触感确实非常舒服，双扬声器不错，最后就是保留耳机孔好评；不足:系统方面还有不少地方需要优化，特别是全面屏手势（虽然**ack已经足够好用，但还是占用了一小部分的屏幕空间）。京东物流一如既往的快！
云山蓝魅族16 X,手机收到并已开始用，感觉还不错，机体轻薄，颜色漂亮，屏幕接触灵敏，翻页快速，其它待用久后再说
汝窑白魅族16 X,魅族**粉。从mx2用到现在，在京东的买的魅族也是5.6个了，这才是真全面屏手机，美到炸裂啊。一见钟情说的就是我吧。赞美魅族，魅族一天不凉，我就一天不会换手机牌子。
静夜黑魅族16,手机很好看，系统好，就是指纹解锁不是很好用
静夜黑魅族16,真香，第一个手机有点问题。换了一个  客服小姐姐说话太好听了~态度也特别好～；希望这个手机没啥毛病，也 希望魅族越来越好吧   毕竟还是希望在这个手机同质化太严重的时代魅族能独树一帜啊！扬声器非常狠 不输舍友的苹果 XS MAX  。线性马达  也是不输！指纹解锁也是很酸爽 反正我的手用了一天了就遇到过一次没有成功 手机手感也是很棒~ 系统呢就是希望 大弧边虽然好看但是个别软件的适配还需要加快~  续航没有网上说的那么惨  就是正常水平  轻度使用坚持一天还是可以的~  对了 还有 好像是距离感应器比较靠边  用右手接打电话没事  但是左手  可能会遇到 不黑屏的情况 但是根本没有影响到我~ 还有就是自动亮度有点小延迟  别的呢还在体验中.。。。。。
远山白魅族16 PLUS,使用了十来天才来评论 他们说的问题我都没用遇到过 买东西不要看别人瞎说 喜欢就买，系统还是一如既往的好用 震动反馈非常喜欢 外放音质也很清晰 手感很好 白色真的好看，拍照一流 喜欢就买吧。
静夜黑魅族16 PLUS,"首先声明，非专业测试手机人员，说的不一定对。只是说下自己的用机感受。屏幕没有网上说那种颗粒感，打开相机也没有卡顿和慢的感觉。8G运行内存就剩不到5G,查看方法是从开发者模式中查看。新机肯定短时间内不会存在卡顿现象，但是华为mate20数据存储的方式更先进，使用时间长了也不会卡。续航能力绝对是最大的败笔，我已经将屏幕亮度调暗，但是待机还是很费电。重度使用手机的用户，肯定的一天两充。玩王者荣耀两个半小时，电量从95掉到69。全军出击玩了一局，屏幕大看的很清晰，吃鸡容易很多。骁龙845的频率高导致耗电快很正常，想要续航能力强的，选骁龙710都不错。就先写到这，用一段时间再来追评。"
静夜黑魅族16,几经周折手机算是到手了，京东物流速度没得挑，但外包装可能有点小破损，好在机子有惊无险，试用半个月应用系统各方面都挺流畅，就是续航不行，一天两冲是必须的了。我不是煤油，但是这是我买的魅族第二部手机，小而美是它的初衷，而16也算是交上了一个好的答卷，期待明年的16S吧。
远山白魅族16 PLUS,美死了，我的天呢！魅族加油！
极光蓝魅族16,使用感觉还不错，给老妈买的。性能各方面比较均衡，极光蓝比较好看，但是送的壳比较一般，其他的还可以。
静夜黑魅族16,震动反馈和第三方的应用，下载的铃声不是很适配，全面手势操作有待提高，
静夜黑魅族16,优点外观好看，缺点是指纹不够灵敏，还有相机感觉色彩不如原来的华为p9
静夜黑魅族16 PLUS,无敌了，太棒了，墙裂推荐
静夜黑魅族16,手机颜值还是很高的，刚拿到，触感非常不错，目前还是挺满意的，等再用一段时间再来追评，
静夜黑魅族16,真香机 屏幕指纹识别率挺高的 电池小了点 但续航也能做到一天正常使用。 845真香
汝窑白魅族16 X,"嗯 用了好长时间才过来评价。16x真心不错，很好用，屏下指纹很带劲系统不卡，之前的魅蓝e2成功给了老妈用
嗯。。"
静夜黑魅族16,当天买当天到，物流是真的快，然后手机是真的好看也好用
静夜黑魅族16,一直都在京东买东西，都还不错，重要是物流很快，省心省力，满意。
远山白魅族16,高端大气上档次，低调奢华有内涵。颜值来说可以秒杀所有刘海屏，超窄边框，系统好用，没卡过，特地用了20+天之后开评价，游戏也不卡，本人不怎么手游.看电影超爽的，大屏，观感很不错，很多人性化设计，手机手感没的说，顺滑！推荐购买
远山白魅族16,#追求源于热爱#魅族16整机非常精致，先是屏幕一点亮就惊艳到我了，没有刘海还这么高的屏占比，尤其是圆角处理非常喜欢。再说震动马达用过之后真是酥麻的感觉，感觉比iPhone还牛，屏下指纹科技感爆棚有木有，还有系统真的流畅，最后还要赞一下这样的轻薄的机身居然还有3.5耳机孔，真是今年的最佳旗舰没有之一！
远山白魅族16,卖了，哈哈哈，给媳妇买的，媳妇说太小了，不要
远山白魅族16,上个魅族是E2没用几天丢了，很心疼，15没下手，知道会有更好的果断买16，很幸运十几秒抢到，?现在没到到手的也不要着急，好货不怕等。用了一个星期，感觉很不错魅族的流畅没话说，加上顶级Soc 香！很喜欢这款，颜值很高，最后诚恳说一点，电池有点不给力啊，希望老大后期优化，相信魅族。不玩游戏还是可以的哈哈哈
极光蓝魅族16 PLUS,外观非常漂亮，可惜只买到了6+128的版本。体验了下音响立体声非常不错！游戏正在下载体验！希望6g内存够用！
汝窑白魅族16 X,颜值高，屏幕好，运行快！家里有5台魅族了。还是骁龙芯片好！又快又稳！金属外壳做成陶瓷质感！真的很满意！
远山白魅族16,已经体验了一段时间了，颜值嘛，没得说，我最喜欢的颜值，性能也非常流畅，一开始抢没有抢到，后面现货果断入手了，非常棒！
汝窑白魅族16 X,稍微体验了下，还可以，屏幕分辨率不高，这是缺点，充电非常的快。
汝窑白魅族16 X,非常不错！京东物流发货很快，包装也很好，机子白色非常好看，屏幕解锁速度快，拍照也是非常的清晰！
静夜黑魅族16 PLUS,物流太快了！！！赞！！！手机整体不错，屏幕显示好，手感佳，反应也很灵敏。就是送的手机壳太LOW了，也没有送其他的东西。安装了钢化膜过后指纹解锁不灵敏，不知道是不是钢化膜的原因，其他的要看后续使用了。先上图给大家来感受哈
静夜黑魅族16 PLUS,1.买的是16plus，手小的话，还是买16th吧，它这个宽度就是那么突出2.屏幕低亮度，的确很闪，A屏都这样，为了你的眼睛健康，晚上少点看手机，要看也要光线充足3.大家都在说这个线性马达好，但个人感觉不出啥4.相机底子的确大一级压死人，但对焦会卡顿5.抬手亮屏，可以说好也可以说不好，每次不小心抬起手机它就亮了，会有误触，且有时候抬起手机居然不亮屏6.指纹解锁，收到的时候没升级，感觉挺快的，出厂的膜没撕，也是秒开，升级系统后反而更慢7.人脸解锁，哎，没光的时候，还是指纹解锁吧8.买的时候也是刚生产没多久，包装盒封条完好，至于现在还香不香，看个人理解吧，毕竟现在也没降价9.系统一般般吧，~一大堆，感觉买的不是手机。送的背壳一般，很容易刮花，但起码能保护摄像头，聊胜于无
汝窑白魅族16 X,很好非常好
极光蓝魅族16,很好就是贵
极光蓝魅族16,屏幕不错哦，材质还好，有点滑啊，震动很不错哦，拍照也挺好的。电量稍微差一点。但还是可以接受。面部解锁和屏下指纹不够灵敏，特别是光线不足的时候。颜值还是最重要的。嘻嘻。我反而觉得黑色比较好看。精致
极光蓝魅族16,基本满意！
静夜黑魅族16 PLUS,手机整机颜值8.5分；打开APP速度跟不上苹果max，6分；玩王者没有全屏优化非常废材，0分；运行工作APP盒马反应迟钝感严重，0分；不推荐工作使用，适合学生党。买这个手机就是想拿来工作的，居然搞成这个鬼样，非常后悔。整机给4分，吃上骁龙顶级处理器居然还是一样废材！
远山白魅族16,"20日0点很轻松就抢到了，可能运气好吧?。今天中午收到，送给老婆的，很喜欢，晚上又可以那个了！！！
外观漂亮，手感无敌，应该是今年最值得买的旗舰！"
静夜黑魅族16,反应快，手感好，值得购买
云山蓝魅族16 X,确实真机比网上的还要好看些，停顺眼的，真香，续航能力，其他的等用几天在追加评论
云山蓝魅族16 X,手机不错很好。就是有一点卡，包装太差了不可以严肃一点包装吗这是手机，不是衣服就拿个塑料袋就寄过来了，
静夜黑魅族16,还可以，m很好用，手势操作不是很舒服
静夜黑魅族16,已经用了半个多月了，真的超流畅，外观也给力。
静夜黑魅族16,非常好，给媳妇买的，用起来很好，性价比高。下次还来京东
静夜黑魅族16,送给老公的礼物，好评
静夜黑魅族16,不错，买到全新的了，不是二手的
静夜黑魅族16,屏下指纹识别率是真的有待提高。
静夜黑魅族16,魅族的铁粉，前几次没货没有抢到 手机到手真的很喜欢
极光蓝魅族16 PLUS,指纹科技确是不够灵敏，美感很到位。总得来说可以满足我的要求。喜欢魅族所以热爱。开心?哈哈
极光蓝魅族16 PLUS,这手机非常不错。我给家里人买了几个了。性能非常好。性价比高。就是货量不足。抢不到
极光蓝魅族16 PLUS,梦寐以求的魅族16，终于到手了，这是魅族第二个手机了还是一如既往的好用，性能好，颜值爆表，3000多就选它了。
静夜黑魅族16,首先表扬京东发货太快了，早上下单下午就到。其次手机没让我失望很漂亮速度很快。
静夜黑魅族16,"一直很喜欢魅族  16真的很棒  手感也没问题
话说京东的物流是真的效率高啊"
远山白魅族16,不错，摸着手感好，很薄，刚开始想买黑色结果没货就买了个白色，，也很不错，好久没用白色的手机了，贼好看，头天晚上买，第二天就到了，美滋滋
静夜黑魅族16 PLUS,等了几个月了，备货充足了下手。还是挺香的，希望Flyme能继续优化下高通的处理器，毕竟从三星和联发科打磨过来的，真煤油，必须挺你！！！
静夜黑魅族16,手机早早就收到了，超赞，物流也挺快的，喜欢魅族手机的小伙伴们赶紧下单吧！
静夜黑魅族16,还不错，网速度很快，比较小巧，就是买的时候没有白色的
静夜黑魅族16,很好，比小米精致，只是系统还有些不会用，正在适应中，希望不会让我失望。
远山白魅族16,作死的魅族终于看清了自己的品牌魅力和斤两，终于又走性价比路线了，这次16太火急于赶货，做工差了点，屏幕边缘有空隙，胶水没涂满，用光照射能看到空隙，顶部听筒处是翘起的(我去实体店对比过，一样的！)也许设计就是这样的吧。希望魅族踏踏实实的做性价比好手机，要么性价比，要么学***请明星铺天盖地广告，骗**公仔买，要么像菊花搞所谓的爱国机
远山白魅族16,手机看着很漂亮，拿在手里手感也很棒，都不想上保护套。 可能也是大小的限制吧，没有上更大的电池，续航确实很一般。
汝窑白魅族16 X,手机很好看，颜值很高，flyme一如既往的清新流畅，没有刘海的全面屏就是舒服，支持我大魅族，魅族冲鸭！
汝窑白魅族16 X,屏幕分辨率超清，速度快，摄像带棒了！值得拥有
远山白魅族16,这个手机确实不错，系统好用，**ack，振动很好，指纹得用嘴哈下才灵。
远山白魅族16,很满意，外观漂亮，小巧。双11当天买，优惠100，
远山白魅族16,比美苹果X，很好啊，除了指纹还有面部识别！
云山蓝魅族16 X,非常不错的，抢了好几个月才抢到，终于让自己的pro6下岗了，颜色非常好看，验真是第一次验真，拍照效果确实不错，就是以前的壁纸都不好了，还得从新弄壁纸哈啊哈还把
静夜黑魅族16,"手机做工与手感超级好，目前最好的手感，没有之一。
实物比图片漂亮好几倍。背面黑色玻璃不沾指纹。屏下指绞解锁超级快，信号好，上网下载都很快。系统流畅好用，。充电快半小时50％，而且手机与充电器温度控制很好。电池小了。手机玩游戏很夾，没感觉发热。照相没试以后再追评"
砚墨黑魅族16 X,魅族这次真是让人大吃一惊  一改以前形象
极光蓝魅族16 PLUS,手机很不错！外观性能很好！一直用魅族！
静夜黑魅族16,用着还好，机身纤薄，屏幕色彩艳丽，机子速度挺快的
极光蓝魅族16,手机买对了，真的不错，用几天在追加
云山蓝魅族16 X,客观的评价一下，这款手机性价比绝对没的说，这个价位有着旗舰的相机配置、三星的A屏、屏下指纹、性能功耗均衡的710，但是问题也有，系统整体流畅度有待提高，比如全面屏手势不好用(尤其是对比mui)、打开相机较卡慢、过度动画略显生硬、屏幕指纹成功率不高。
静夜黑魅族16 PLUS,从@开始一直用魅族，现在手上用的16plus6&mdash;&mdash;128G很流畅，特别是打开视频的时候就跟浏览网页一样没一点卡顿现象，我的Pro7当备用机了，不过买Pro7的时候也是这个价钱，刚上市就买了，有点贵了。
极光蓝魅族16 PLUS,啥也没有用到，到手就给人拿走了，当然好机了
远山白魅族16 PLUS,二手无疑了，不过二十多天的使用还不错，只怪狗比摸摸党，希望一如既往，不要让人失望。
砚墨黑魅族16 X,想买很久了 一只喜欢魅族的产品 物流超级快 晚上下单第二天一早就到了  手机续航还可以 拍照方面比以前大大提升了 支持魅族
砚墨黑魅族16 X,用了那么久，挺不错，唯一的不好是电池太差劲了，容量才3000多一点，而且系统优化不好，已是最新系统，屏幕耗电量高，待机约5个多小时不见13％电，我的note5待机16小时还剩93％。
汝窑白魅族16 X,真的很漂亮，很惊艳。不跟随刘海屏是最正确的，刚从苹果转过来，慢慢适应系统，
静夜黑魅族16,"比想象差一点，充电是真快，耗电也是真的快，我买到手屏幕上缝隙有灰尘，仔细一看是胶，是屏幕与机身结合的胶，便看出做工不好 。
其他地方还满意"
极光蓝魅族16 PLUS,不错，用了几天，还是这个非刘海的屏幕看着舒服，上下边框也窄，性能优秀，所有游戏不成问题，电池一天足够用了，可能我亮度调的低，一半不到，不过还是很亮够了。就是系统还有些小问题，有时候锁屏来了通知不能点进去，希望后续改进吧
远山白魅族16,"我只能说购买需谨慎

性价比上来说确实挺高，满足了我对拍照像素的要求，使用起来手感也不错
双11下的单，17号才收到，同事说魅族的手机是下单后现做发货的，不知道真假！

但是我知道的是魅族手机不稳定，没有售后可言，买之前您就要考虑好了！
全上海只有一家售后点，冷光屏幕看着很高大上但是用了一个星期下来就出问题了，首先面部识别刚开始6天还可以，限白天晚上不可用，第7天就开始闪啊闪识别不出我就把面部识别数据删了关闭面部识别功能以后就不闪了，另外这个指纹解锁识别不灵敏，要按3-4次才可以解锁成功，同事建议换角度录指纹，重新录了一个稍微好点儿

然后第8天悲剧发生了，手机掉水里了，我马上就捞出来了，心想之前的华为也经常掉水里捞起来擦干就继续用了，但是魅族这台捞出来以后屏幕一直闪啊闪，送去给修手机的朋友看他说屏幕烧坏了，要换屏幕，第二天给客服打电话说全上海就一家售后点，一个屏幕换下来至少要900打底，如果上门取件快递送修再加上快递费！！！

我只能跟你说买手机还是买品牌机吧没有这么多烦心事！！"
极光蓝魅族16,到手第二天评论，超喜欢极光蓝配色！整体感觉很不错，6g 8g运存体验手感应该不会差太多，看需求吧，顺便还帮女票也买了部?
静夜黑魅族16,续航很一般，充满1个半小时！指纹识别没那么垃圾，只要不是汗手没问题的。还有点胶终于2.0了，前面出厂的货绝对是伪2.0各种漏胶。总之还是挺香的
静夜黑魅族16,迟来的手机，上手了玩了一天并没有太多惊喜。
极光蓝魅族16,此用户未填写评价内容
静夜黑魅族16,当天下完单后，第二天就收到货了，速度超快，手机很喜欢，包装完好无损，自带的壳也很合适，一直信任京东，送货员态度也很好，京东?，手机赞?！
极光蓝魅族16 PLUS,还行，用了几年再来评价
极光蓝魅族16 PLUS,此用户未填写评价内容
静夜黑魅族16 PLUS,终于入手了 体验还行
砚墨黑魅族16 X,总体感觉还可以，人脸识别比较快，但屏幕指纹识别率没实体按键指纹识别率高，相机启动较慢。电池中重度够用。充电快。屏幕R角再小点应该就更漂亮了。
极光蓝魅族16 PLUS,屏幕还可以，但是没有16th通透和均匀，不过华为也是大屏没有小屏好，拍照不错，就是颜色稍微暗淡了些，这个价位我觉得可以了
静夜黑魅族16,手机太赞了！性价比高！颜值爆表！最重要的是非刘海屏！不过缺点也很明显，就是指纹识别成功率不高！但是想想它的价格，当然是选择原谅它啦！
静夜黑魅族16,颜值没得挑，就是接受不了刘海屏最终放弃了苹果选择了魅族，线下体验店竟然加价销售，我真呵呵了，没人管吗？电话用着挺好，就是电池不耐用！
静夜黑魅族16,速度不用讲，845速度没得说，外观真的秒杀目前市面上几乎所有刘海屏，关键手感很薄，真的薄！flyme还是很好用
远山白魅族16 PLUS,用了一两个月，这手机运行速度还是很快的，外观也很漂亮，就是有两点不好，就是自动亮度调节不是很灵敏，还有就是屏下指纹识别率不怎么高！
汝窑白魅族16 X,这两个多月总共买了三部魅族了，不为别的，就是不喜欢刘海屏。不管魅族还能活多久还是支持一下。手机还是很美的
极光蓝魅族16,正常不玩游戏不看视频使用一天没有任何问题，掉电速度还能接受，屏幕显示细腻，握持手感特别棒，主要是轻，很值得购买
静夜黑魅族16,运行速度很快，拍照还可以。缺点，指纹不够满意，特别是夜间模式下指纹几乎不灵，振动实在是太弱了，在需要静音的情况下很容易感觉不到振动
砚墨黑魅族16 X,手机好是好，就是手机还没捂热呢，就给贼送去了_(:з」&ang;)_，我自己都还没体验完呢，这孙子挺绝
极光蓝魅族16,外观很漂亮、高端大气上档次、低调奢华有内涵、手机中的战斗机、啊哈啊几号回家就看见哥哥高峰发车返佣有多爱自己了&hellip;&hellip;高端
静夜黑魅族16,给朋友买的    魅族也算翻身了吧  就是因为这个手机  但是供货还是个大问题    现在好抢一些
静夜黑魅族16,新鲜出炉，很漂亮，到手了，生产日期很近，1周后到我手哈哈，上方屏幕略微凸起，不知道是不是益胶现象。其他很好。
远山白魅族16 PLUS,"魅族国产手机品牌的一股清流,从MX2开始就一直很喜欢，而且这次搭载骁龙845处理器，真香"
远山白魅族16,不乱设计就是最好的的设计 ！魅族这波99分  整体屏幕没有索尼手机好  偏黄 其余都很满意！
静夜黑魅族16 PLUS,之前用过两个魅族手机，整体感觉还不错，不过系统优化还需努力。这款旗舰从设计，性能，价格都算是换机选项之一了。
极光蓝魅族16,各方面很不错，就是玩吃鸡比小米note3要热很多，就是不知道机子是不是有问题，卡倒不会。
极光蓝魅族16,手机不错 颜值满意 不过可能是我习惯了xr的分量 这个拿在手里感觉太轻了 还有续航确实差点意思 其他的都还好
静夜黑魅族16,"这手机信号真的差得要命，在食堂打个饭扫个二维码，别人一扫就出来了，我的等了半天还在转圈圈,尴尬的要命！还骁龙845,魅族16别人都不信,照理说基带更强信号应该更好，还没之前小米mix2信号好。可能跟魅族系统也有关，骁龙845优化成625，真的，魅族系统现在在基础体验方面差miui太远了，给人感觉就是系统生硬说不出哪里卡但就是不好用。硬件堆的不错，这价位无敌，这点值得赞扬，小厂堆硬件，大厂优化系统算是明白了。在个拍照之前夸的那么大，素质确实不错，但是你随手打开个相机要3－4秒才行这就无语了，而且我这台系统还是9月30号，新手机都快2个月不更新了，相比小米一月准时更新系统做的这么好这就有问题了。还有电池，魅族16通病简直是看着掉电啊！建议硬是要上的买plus版的。外观手感感觉边框没处理好，金属突出有点搁手，相比16x一体处理好太多，不多说了，完全主观体验，对号入座，本来还能忍受这么些小缺点，扫二维码彻底激怒了我，一口气写下了评论 。"
远山白魅族16,宝贝收到了  之前用的mx5  用了三年了都没出过什么问题   所以这次还是选择魅族  16用起来还是很顺手
静夜黑魅族16,老魅友了，从mx2开始用。16th除了电池不耐用，没有nfc，其他基本都满意
远山白魅族16,轻巧便利，外观也挺好看。感觉续航不是很够，不过充电很快，也算小小的弥补吧。我不打游戏，所以性能不是很了解。
远山白魅族16 PLUS,帮同学买的，真香机貌似不香了？屏下指纹还不是很成熟，外观确实无可挑剔，小米后置指纹真的接受不了
静夜黑魅族16,使用了近两个月来评价，总体来说不错，使用流畅，颜值很高，但是就是屏幕看起来没有我前一个手机清晰
静夜黑魅族16 PLUS,第三个魅族 mx5 mx6 然后16p，小而美，性能堪比大厂，一直在进步，值得支持！期望这个手机能陪我更久一些！
极光蓝魅族16,"这就是京东自营，有图有真相。我买的手机 包装来之后是这样的，快递外包装上有明显摔踩痕迹，里边手机盒子都有磕痕。找魅族京东自营店客服，结果就是没结果。
    Ok再说下京东快递的物流，我15号周四下的订单，16号十一点到的配送站，离我这差不多十几分钟路程。因为双11过去没多久所以我预约的17号周末送达就OK。从16号开始到达配送站，就显示等待配送，一直没有配送站信息。所以我17号晚给配送站打电话，以双11忙为由推脱说尽快送达。18号还是没有配送站信息，我下午打电话给配送站说是晚上给送过来。19号上午还未给我配送，和我住一个地的同事 16号晚下单买的东西18就给送过来了，同样的是在一个配送站。
     19号下午还是没有配送员信息，我给京东客服打电话投诉，晚上九点了给我把快递送过来  就是这样了。是因为我打电话投诉了故意给我摔踩的？
   再说下京东投诉客服电话，我打了投诉电话 我就想为这事要个说法，问题没给我解决  就这样不了了之了，最少打了三四次投诉电话，还是没人管这个问题。再从京东上联系人工客服，居然问我东西收到了吗？  怎么这就是京东？  很可以  ，真棒！"
静夜黑魅族16,我还能说啥，魅族铁杆粉丝！VIP卡就四张，没有卡的还是三四个手机。现在用骁龙了，加上魅族的系统，简直完美好不好！
静夜黑魅族16 PLUS,使用两周来评价，一如既往的精致手感精致界面，6+128吃鸡王者开全特效无压力也不感到烫手，只是电池没想象中耐用，
远山白魅族16,外观设计还可以，比较喜欢这个全屏设计，挺好看的，屏幕指纹不是很灵敏，电池续航能力一般，功能还可以，性价比比较高！
远山白魅族16,刚用了一周左右，这会儿来评论。拍照拍的很清楚，各项性能也都很好。屏大，但是部分软件还没适配。屏下指纹有点不灵敏
静夜黑魅族16,价格不贵，物流快，孩子喜欢喝，价格不贵，物流快，孩子喜欢喝，
晨曦金魅族16 X,手机不错，但有些第三方软件装上后闪退，偶尔会黑屏无反应，要等较长时间才能恢复。兼容性和稳定性还是再提高一些。
静夜黑魅族16 PLUS,买了一个体验了三天，准备换货，不知道是不是个体原因，我这个手机误触太高，经常跳出一些莫名其妙的东西出来&hellip;&hellip;
静夜黑魅族16,续航就......总感觉有点翘边，将近用吧
远山白魅族16,系统很流畅，好用，主要是用习惯了，不想换其它牌子。相机不错，拍人物背景虚化得很好。
极光蓝魅族16,手机是买来老婆用的，本想买白色，没货，手机除了电池，其他都还好，真香机，相比之下我的荣耀越看越不喜欢。
静夜黑魅族16 PLUS,用了几天很流畅，就是屏幕不怎么样，但是电量足，游戏上刺激战场流畅运行，发热适中，还有，拍照真的强！！！
云山蓝魅族16 X,屏幕显示清晰细腻，拍照清楚，屏幕指纹反应还可以。屏幕大比刘海屏好看很多。随手拍的夜景，京东的速度没得说
静夜黑魅族16,2014年买的MX4现在还在用，只可惜不是全网通，现在买的MZth16开机超快，拍照够清晰。
静夜黑魅族16,等了快半个月，终于到了。试用了几天，刚从MIUI换过来，还不太适应。7块钱买了个&ldquo;燃&rdquo;主题，看着清爽多了，长截图啊这些小工具没有MIUI好用。电池有点差，有心理准备，以后配一个充电宝跟着使用吧。
静夜黑魅族16 PLUS,到现在依然是最好看的国产机，不解释，就是物流出奇的慢，从抢购，到发货，几乎半个月
远山白魅族16 PLUS,白色很好看，就是屏幕锁不行，其他还可以。
静夜黑全网通(6G+128G),手机好看，价格便宜又有屏下指纹，指纹识别非常灵敏
静夜黑全网通(6G+128G),手机挺好用的，给好评
静夜黑全网通(6G+128G),性价比超级高的手机，很喜欢
静夜黑全网通(6G+128G),已经在用了，魅族16很好用啊&hellip;&hellip;
静夜黑全网通(6G+128G),魅族（MEIZU） 魅族16th 游戏手机运行很流畅
静夜黑全网通(6G+128G),魅族（MEIZU） 魅族16th 游戏手机很不错，运行流畅
静夜黑全网通(6G+128G),非常棒的手机，很好的店家，非常棒的，还会再来购买的，加油
静夜黑全网通(6G+128G),手机很漂亮，性价比超高.
静夜黑全网通(6G+128G),好手机  我买的还不错  真的应该买上一个 这个手机还可以  你
静夜黑全网通(6G+128G),非常好，速度很快，很满意，值得信赖
静夜黑全网通(6G+128G),手机很不错，物流给力，快递小哥服务很到位，很晚了也帮我送过来了，刚好赶得上用，卖家发货及时，手机手感也很棒，使用了音量很大，声音清晰，用起来反应也很快，很不错，值得推荐
静夜黑全网通(6G+128G),魅族手机性价比高，游戏运行很流畅！
静夜黑全网通(6G+128G),期待已久，哇终于到了，开心?
静夜黑全网通(6G+128G),手机款式很新，很好用，指纹识别很灵敏
远山白全网通(6G+128G),全新手机，值得信赖。手机用起来很爽，
静夜黑全网通(6G+128G),好好用啊，很不错的手机，打游戏棒棒哒。满意。
远山白全网通(6G+128G),手机不错，就是送的膜和后壳太次了，膜都贴不上，好容易放上了，指纹解锁用不了，费劲死了！
静夜黑全网通(6G+128G),有一说一，手机是正品，就是指纹识别不成熟，体验一般，另外店铺购买前写的当天发货，结果买了之后就变三天内发货了，京东物流现在是真的慢，**都比京东快多了。
静夜黑全网通(6G+128G),好的手机总是让人抢 价格也是很不错 这个手机不错
静夜黑全网通(6G+128G),算是老魅友了。从最开始的M8，一直到现在。拍照效果很嗨，一直也都在用魅族。运行速度和外观很好，很喜欢魅族这款。
静夜黑8G+128G,此用户未填写评价内容
极光蓝8G+128G,用着舒服。而且店家很给力。京**然之间有个满3000减150的优惠券。果断入手。不过就是赠品耳机太差了。不过等于原价买的魅族16用着真香。。
远山白6G+128G,此用户未填写评价内容
静夜黑8G+128G,物流超级快，晚上下单第二天中午就到了。价格和官网一样，官网昨天也有现货了。外观满意，运行畅顺。唤醒和指纹解锁不敏感，续航太一般。
静夜黑8G+128G,好评非常好手机好用 打游戏也不卡 而且很大气 就是拍照不好看 难道是我太丑了吗 那要弄一个一减美颜  后期
远山白6G+128G,好，非常满意和好用
远山白6G+128G,魅族16做工做工和性能没得说，屏幕指纹还是有点不成熟，用面部识别也挺好的。不玩游戏的中度使用者 电池够用的
静夜黑6G+128G,手机收到了，用着还可以，就是续航不够给力，总体来说还是不错的，3138购入，贵了一百多块，不过用起来美滋滋
静夜黑8G+128G,商家说全新未拆机其实都是重包装sn不是第一次，10.17号机器19号就@了到我手上就是半个月了退款要200
极光蓝8G+128G,替换mix2，自拍和摄影比小米mix和同事的小米8好，屏显效果要差点。系统有些地方不过小米，有些功能优于小米。国产机加油！
远山白8G+128G,不错的手机，价格也算合理，好评
极光蓝8G+128G,手机很不错收到了，非常流畅，用了两天续航可以没水军说的那么尿崩，指纹解锁也挺快，就是有时可能光线的事，解不开，总之很满意，物流也很快，待后续追加使用情况
远山白6G+128G,第一次从三方买手机，心里没啥底。不过卖家还是挺靠谱的，全新未拆封，sn首次查询，第一次@。用了一天挺满意的。物流发的顺丰特惠，也挺快的。总之，好评！
极光蓝6G+128G,从苹果转回国产手机，我骄傲
静夜黑6G+128G,收到了手机，各种满意。就是收拾操作有点不习惯，用回了**ack。外放的音质真的超棒。游戏还没下几个，安兔兔跑分29W玩游戏应该都很流畅的
静夜黑6G+128G,还没试，看包装没问题，真香！
静夜黑8G+128G,拍照我要求不高，无所谓了，照片可以更改分辨率倒是挺有用的，就是改低以后不能改回来有点遗憾；电池一般一天一冲，不管怎么用也得冲，强迫症了。?
远山白6G+128G,此用户未填写评价内容
静夜黑8G+128G,收到货了，先用一段时间看看
远山白8G+128G,收到以后才知道什么叫真香，不过应该是耳机的味儿。机子比想象中的要显小，远山白，漂亮。反应快，太快了。没测跑分，估计差不了，短板就是电池，掉的太快
静夜黑6G+128G,刚拿到手，还是很香的，主要是续航不给力，但还是可以接受的，再用几天再说
静夜黑8G+128G,活着不错魅族，但线下死的差不多了！
远山白8G+128G,此用户未填写评价内容
静夜黑6G+128G,手机是正品，但是打开盒子，听筒部位有灰尘，很是不爽
静夜黑6G+128G,运行速度超快，美中不足电池不够用啊！
静夜黑8G+128G,送的耳机质量真的不好
远山白6+64G,正在试用，不好评价。
极光蓝6G+128G,SN码不是第一次查询，充电发热，指纹不是很灵敏，续航不行，有一定卡顿，不过可以接受，有点坑?     机子倒是喜欢，第一次买魅族  系统真心不错，安卓数一数二的。拍照也很强。
静夜黑6G+128G,指纹不好用
远山白8G+128G,好的没法说
静夜黑  全网通6GB+128GB,"比官网贵就算了，加价买，发票不给我。
装不理人。现在依然没发票！！！"
静夜黑  全网通6GB+128GB,手机刚拿到，还在摆弄。
静夜黑  全网通6GB+128GB,好手机，速度快，颜值高，性能优越，?
静夜黑  全网通6GB+128GB,手机挺好的，反应杠杠滴，电池也耐用，外观挺漂亮！总之手机不错，就是贵加价加的多&hellip;&hellip;
静夜黑  全网通8GB+128GB,超级棒，手机与想象中中的一样，非常给力，赞一个！
静夜黑  全网通6GB+128GB,手机收到了，中间有点不愉快，九月四号下的单，十月四号才收到，这个就有点郁闷了，不过作为魅粉的我，还是坚持了。宝贝真的一代比一代牛#！五星好评！
静夜黑  全网通6GB+128GB,重力陀螺仪较准一直失败怎么破？
静夜黑  全网通6GB+128GB,手机不错，游戏流畅，不发热。系统简单
静夜黑  全网通6GB+128GB,手机不错，就是还要加价。送的小礼品质量太差。
静夜黑  全网通6GB+128GB,比别黄牛加价超出了小二百，黄牛中的黄牛，强烈建议换一家，差评有些利欲熏心。
静夜黑6G+128G,3000档的话看来看去   还是16香   mix2s也还可以  但是颜值没有16高   魅族多出这样的机子   消费者会用钱包支持的  毕竟我身边就有三个同学换了16
静夜黑6G+128G,质量非常好，与卖家描述的完全-致，非常满意，真的很喜欢，完全超出期望值，发货速度非常快，包装非常仔细、严实，物流公司服务态度很好，运送速度很快，很满意的一-次购物2.质量很好，希望更多的朋友信赖.店主态度特好，我会再次光顾的，可不可以再便宜点，我带朋友来你家买。3.不好意思评价晚了，非常好的店家，东西很喜欢!买来这个是送人的她很喜欢卖家的贴心让我感到很温暖。4.很热情的卖家，下次还来希望下次还有机会合作祝你生意兴隆质量非常好真出乎我的意料包装非常仔细非常感谢。
静夜黑6G+128G,质量非常好，与卖家描述的完全-致，非常满意，真的很喜欢，完全超出期望值，发货速度非常快，包装非常仔细、严实，物流公司服务态度很好，运送速度很快，很满意的一-次购物2.质量很好，希望更多的朋友信赖.店主态度特好，我会再次光顾的，可不可以再便宜点，我带朋友来你家买。3.不好意思评价晚了，非常好的店家，东西很喜欢!买来这个是送人的她很喜欢卖家的贴心让我感到很温暖。4.很热情的卖家，下次还来希望下次还有机会合作祝你生意兴隆质量非常好真出乎我的意料包装非常仔细非常感谢。
静夜黑6G+128G,全面屏新款魅族无敌了，，小巧轻薄，速度运行流畅，价格便宜适合，品牌价值高，设计的外形很好看很高档很有味道，拍照清晰无噪点，很黑的地方也能拍出好照片所以见的优化很不错，喜欢的不得了了开心
静夜黑6G+128G,作为一个老魅油，这次的16th真心没有让大家失望，配置满满，3000以内，可以完败国产任何一家了，希望老黄能一直这么走下去，真正的给大家用心的产品。
静夜黑6G+128G,最喜欢的全面屏一种方案，觉得比水滴屏那些好多了，性旗舰，系统还是刷吧。。。。总体而言很好
静夜黑6G+128G,真心啊不错 比官网优惠多了 下次再来买 很好很快很直接 买多几个送朋友亲戚也不错
远山白8G+128G,啥都好说，就是&hellip;双十一的物流又爆仓！在路上拖了很久！总体还是比较满意，客服很上心很尽心，多次沟通也很顺畅，之前也问过别家，但服务态度就让我拒绝了&hellip;这家我要点个赞！东西都很好，也送了很多赠品，虽然不一定用得上????
静夜黑6G+64G,终于等到你，开箱试着跑了一下接近30万，整体调教也不错，还没有好好使用，指纹解锁不是特别快，颜值还是挺不错的，你值得拥有。
静夜黑6G+128G,不错魅族终于又回来了，手机不错颜值手感性能都很不错
远山白6G+128G,"首先手机真的好看,上下对称设计好评,没有大刘海;拍照不错,噪点很少,照片纯净度很高,夜景很不错;系统界面很好看,很文艺,比一加的性冷淡好;续航嘛,300毫安的电池还是有点捉急,还好有快充;双扬声器超爽,属于用过就回不去的那种,立体声很好;线性马达震感不错,但应该是限于体积。和苹果还是有差距,震感还不够苹果强烈;屏下指纹能用,不能说好用,不过基本到达了能用的程度。然后是吐槽:待机耗电有点高,希望后期系统更新可以改善;总之16不管从设计还是硬件上来看都是不错的,希望魅族加油,越来越好。"
静夜黑8G+128G,手机不错，活动价便宜，性价比高&hellip;&hellip;商家回复及时，态度不错&hellip;&hellip;多多搞活动，以后常来，好评
远山白6G+128G,一直都喜欢魅族，这款旗舰机不错，手感很好，以后也会继续支持魅族。
静夜黑8G+128G,发货速度快呀 活动买的 很划算 手机是正品 满分好评
远山白8G+128G,手机电量一般，性能强大，也是真机
静夜黑8G+128G,官网抢不到，只能找第三方购买了，刚好碰上活动，价格优惠，比官网好，原封，送了赠品，还不错，好评
静夜黑8G+128G,非常便宜，快递也很快，很不错物有所值。给好评。
静夜黑8G+128G,物美价廉送货也挺快运行流畅不卡音质不错外观包装完好
极光蓝8G+128G,好
静夜黑8G+128G,手机已收到 外观漂亮 手机流畅 发货速度 好
静夜黑全网通 (6G+128G),16非常好，不足的是耗电快
静夜黑全网通(8G+256G),得亏没有退款成功，很喜欢，魅族如果能坚持不跟风，能行
静夜黑全网通 (8G+128G),10月13出厂，真香。真品
静夜黑全网通 (8G+128G),东西成色没问题，就是不是第一次查询，不知道#了没有，然后买了才二天，就降价了二百，这点让人很不爽。
静夜黑全网通(8G+256G),跑分确实厉害，颜值高，本以为机子会很大，但上手很适合，性能各方面以后再摸索
静夜黑全网通 (6G+128G),外观漂亮，sn码首次查询。flyme依然漂亮。是正品
静夜黑全网通 (8G+128G),客服态度很好，发货速度也适中，总体来说还行吧，价格比较公道
极光蓝全网通 (6G+128G),真香机就是真香机，加了点钱还是很香的！拍照也非常好！
静夜黑全网通 (8G+128G),不错很喜欢
极光蓝全网通 (8G+128G),一直用魅族，标准的魅友，16高大上运行速度满意
静夜黑全网通 (8G+128G),手机不错，很快很好看。。还有东西送，希望耐用把。
静夜黑全网通 (8G+128G),首先机子是正品，但新机不应该出现掉漆现象吧？绝对的退货二次销售！！！九点收到机子发现问题马上联系客服了，被告知售后十点才上班，好，我等到十点，然后一直说自己的机子是正品新机，第一，我没说不是正品，第二，我都已经发现掉漆还说是新机。完了先让我自己去官方指定的地方去检测一下，我有义务这跑腿的义务吗？后来又让我寄回去说让厂家检测完再决定是否退换，呵呵了，你们有时间玩我还没时间陪呢，最后说返我20元钱，我花新机的钱买个再次销售的二手机，就为了你那20块钱？20块钱还是留着你找人删我这条评论吧。就这样的垃圾店铺长久不了。东西我急用，我认了，只能在给大家提个醒了。送的耳机贴膜什么的真的很差，但因为免费赠送的我不发表意见了。最后再重申这家店真的坑。
静夜黑全网通 (8G+128G),东西不错，性价比高，物流也很快。
静夜黑全网通 (8G+128G),手机很不错，是正品的。支持店家，价格和官网差不多还有赠送送，在官网试了很多次都买不到。
静夜黑全网通 (6G+128G),用了一周多才来评价的，手机没问题。值得购买。早买早享受。嗯，真香
静夜黑全网通 (8G+128G),16P确实挺大的  握在手里有点大
静夜黑全网通 (8G+128G),好手机啊，用了各方面都很好
静夜黑全网通 (8G+128G),本来还有点小担心，用了后还是很满意的，价格虽然比官网高了一点，不过还是很值得的
静夜黑全网通 (8G+128G),很完美的机器，就是价格不稳定，后续怎么样会追评的，这个价位可以了物超所值。
静夜黑全网通 (8G+128G),永远的魅族，永远的煤油，无魅族不煤油！！！
